Loan_ID,Gender,Married,Dependents,Education,Self_Employed,ApplicantIncome,CoapplicantIncome,LoanAmount,Loan_Amount_Term,Credit_History,Property_Area,Loan_Status,LoanAmount_log,TotalIncome,Loan/Income,Loan/Term,RepaymentRatio
LP001002,1,0,0,0,0,5849,0.0,128.0,360.0,1.0,2,1,4.852030263919617,5849.0,0.021884082749187895,0.35555555555555557,0.060789118747744154
LP001003,1,1,1,0,0,4583,1508.0,128.0,360.0,1.0,0,0,4.852030263919617,6091.0,0.0210146117222131,0.35555555555555557,0.05837392145059195
LP001005,1,1,0,0,1,3000,0.0,66.0,360.0,1.0,2,1,4.189654742026425,3000.0,0.022,0.18333333333333332,0.0611111111111111
LP001006,1,1,0,1,0,2583,2358.0,120.0,360.0,1.0,2,1,4.787491742782046,4941.0,0.024286581663630843,0.3333333333333333,0.067462726843419
LP001008,1,0,0,0,0,6000,0.0,141.0,360.0,1.0,2,1,4.948759890378168,6000.0,0.0235,0.39166666666666666,0.06527777777777778
LP001011,1,1,2,0,1,5417,4196.0,267.0,360.0,1.0,2,1,5.58724865840025,9613.0,0.027774888172266723,0.7416666666666667,0.07715246714518535
LP001013,1,1,0,1,0,2333,1516.0,95.0,360.0,1.0,2,1,4.553876891600541,3849.0,0.024681735515718367,0.2638888888888889,0.06856037643255103
LP001014,1,1,3,0,0,3036,2504.0,158.0,360.0,0.0,1,0,5.062595033026967,5540.0,0.02851985559566787,0.4388888888888889,0.07922182109907741
LP001018,1,1,2,0,0,4006,1526.0,168.0,360.0,1.0,2,1,5.123963979403259,5532.0,0.03036876355748373,0.4666666666666667,0.08435767654856592
LP001020,1,1,1,0,0,12841,10968.0,349.0,360.0,1.0,1,0,5.855071922202427,23809.0,0.014658322483094628,0.9694444444444444,0.04071756245304063
LP001024,1,1,2,0,0,3200,700.0,70.0,360.0,1.0,2,1,4.248495242049359,3900.0,0.017948717948717947,0.19444444444444445,0.04985754985754986
LP001027,1,1,2,0,0,2500,1840.0,109.0,360.0,1.0,2,1,4.6913478822291435,4340.0,0.02511520737327189,0.30277777777777776,0.06976446492575525
LP001028,1,1,2,0,0,3073,8106.0,200.0,360.0,1.0,2,1,5.298317366548036,11179.0,0.01789068789694964,0.5555555555555556,0.04969635526930455
LP001029,1,0,0,0,0,1853,2840.0,114.0,360.0,1.0,0,0,4.736198448394496,4693.0,0.024291497975708502,0.31666666666666665,0.06747638326585695
LP001030,1,1,2,0,0,1299,1086.0,17.0,120.0,1.0,2,1,2.833213344056216,2385.0,0.007127882599580713,0.14166666666666666,0.0593990216631726
LP001032,1,0,0,0,0,4950,0.0,125.0,360.0,1.0,2,1,4.8283137373023015,4950.0,0.025252525252525252,0.3472222222222222,0.07014590347923681
LP001034,1,0,1,1,0,3596,0.0,100.0,240.0,1.0,2,1,4.605170185988092,3596.0,0.027808676307007785,0.4166666666666667,0.11586948461253245
LP001036,0,0,0,0,0,3510,0.0,76.0,360.0,0.0,2,0,4.330733340286331,3510.0,0.021652421652421653,0.2111111111111111,0.06014561570117126
LP001038,1,1,0,1,0,4887,0.0,133.0,360.0,1.0,0,0,4.890349128221754,4887.0,0.027215060364231634,0.36944444444444446,0.07559738990064344
LP001041,1,1,0,0,0,2600,3500.0,115.0,360.0,1.0,2,1,4.74493212836325,6100.0,0.018852459016393444,0.3194444444444444,0.052367941712204
LP001043,1,1,0,1,0,7660,0.0,104.0,360.0,0.0,2,0,4.6443908991413725,7660.0,0.013577023498694517,0.28888888888888886,0.03771395416304032
LP001046,1,1,1,0,0,5955,5625.0,315.0,360.0,1.0,2,1,5.752572638825633,11580.0,0.027202072538860103,0.875,0.07556131260794473
LP001047,1,1,0,1,0,2600,1911.0,116.0,360.0,0.0,1,0,4.7535901911063645,4511.0,0.025714919086677012,0.32222222222222224,0.07143033079632503
LP001050,1,1,2,1,0,3365,1917.0,112.0,360.0,0.0,0,0,4.718498871295094,5282.0,0.021204089360090876,0.3111111111111111,0.05890024822247466
LP001052,1,1,1,0,0,3717,2925.0,151.0,360.0,0.0,1,0,5.017279836814924,6642.0,0.02273411623005119,0.41944444444444445,0.0631503228612533
LP001066,1,1,0,0,1,9560,0.0,191.0,360.0,1.0,1,1,5.25227342804663,9560.0,0.01997907949790795,0.5305555555555556,0.055497443049744306
LP001068,1,1,0,0,0,2799,2253.0,122.0,360.0,1.0,1,1,4.804021044733257,5052.0,0.02414885193982581,0.3388888888888889,0.06708014427729393
LP001073,1,1,2,1,0,4226,1040.0,110.0,360.0,1.0,2,1,4.700480365792417,5266.0,0.020888720091150777,0.3055555555555556,0.05802422247541884
LP001086,1,0,0,1,0,1442,0.0,35.0,360.0,1.0,2,0,3.5553480614894135,1442.0,0.024271844660194174,0.09722222222222222,0.0674217907227616
LP001087,0,0,2,0,0,3750,2083.0,120.0,360.0,1.0,1,1,4.787491742782046,5833.0,0.020572604148808505,0.3333333333333333,0.05714612263557917
LP001091,1,1,1,0,0,4166,3369.0,201.0,360.0,0.0,2,0,5.303304908059076,7535.0,0.026675514266755143,0.5583333333333333,0.07409865074098651
LP001095,1,0,0,0,0,3167,0.0,74.0,360.0,1.0,2,0,4.30406509320417,3167.0,0.023365961477739186,0.20555555555555555,0.0649054485492755
LP001097,1,0,1,0,1,4692,0.0,106.0,360.0,1.0,0,0,4.663439094112067,4692.0,0.022591645353793693,0.29444444444444445,0.0627545704272047
LP001098,1,1,0,0,0,3500,1667.0,114.0,360.0,1.0,1,1,4.736198448394496,5167.0,0.022063092703696534,0.31666666666666665,0.06128636862137926
LP001100,1,0,3,0,0,12500,3000.0,320.0,360.0,1.0,0,0,5.768320995793772,15500.0,0.02064516129032258,0.8888888888888888,0.05734767025089605
LP001106,1,1,0,0,0,2275,2067.0,128.0,360.0,1.0,2,1,4.852030263919617,4342.0,0.02947950253339475,0.35555555555555557,0.08188750703720764
LP001109,1,1,0,0,0,1828,1330.0,100.0,360.0,0.0,2,0,4.605170185988092,3158.0,0.031665611146295125,0.2777777777777778,0.08796003096193089
LP001112,0,1,0,0,0,3667,1459.0,144.0,360.0,1.0,1,1,4.969813299576001,5126.0,0.02809207959422552,0.4,0.07803355442840422
LP001114,1,0,0,0,0,4166,7210.0,184.0,360.0,1.0,2,1,5.214935757608986,11376.0,0.01617440225035162,0.5111111111111111,0.0449288951398656
LP001116,1,0,0,1,0,3748,1668.0,110.0,360.0,1.0,1,1,4.700480365792417,5416.0,0.02031019202363368,0.3055555555555556,0.05641720006564911
LP001119,1,0,0,0,0,3600,0.0,80.0,360.0,1.0,2,0,4.382026634673881,3600.0,0.022222222222222223,0.2222222222222222,0.06172839506172839
LP001120,1,0,0,0,0,1800,1213.0,47.0,360.0,1.0,2,1,3.8501476017100584,3013.0,0.015599070693660804,0.13055555555555556,0.04333075192683557
LP001123,1,1,0,0,0,2400,0.0,75.0,360.0,1.0,2,1,4.31748811353631,2400.0,0.03125,0.20833333333333334,0.08680555555555557
LP001131,1,1,0,0,0,3941,2336.0,134.0,360.0,1.0,1,1,4.897839799950911,6277.0,0.021347777600764697,0.37222222222222223,0.05929938222434638
LP001136,1,1,0,1,1,4695,0.0,96.0,360.0,1.0,2,1,4.564348191467836,4695.0,0.020447284345047924,0.26666666666666666,0.05679801206957757
LP001137,0,0,0,0,0,3410,0.0,88.0,360.0,1.0,2,1,4.477336814478207,3410.0,0.025806451612903226,0.24444444444444444,0.07168458781362007
LP001138,1,1,1,0,0,5649,0.0,44.0,360.0,1.0,2,1,3.784189633918261,5649.0,0.007788989201628607,0.12222222222222222,0.021636081115635017
LP001144,1,1,0,0,0,5821,0.0,144.0,360.0,1.0,2,1,4.969813299576001,5821.0,0.02473801752276241,0.4,0.0687167153410067
LP001146,0,1,0,0,0,2645,3440.0,120.0,360.0,0.0,2,0,4.787491742782046,6085.0,0.01972062448644207,0.3333333333333333,0.05477951246233908
LP001151,0,0,0,0,0,4000,2275.0,144.0,360.0,1.0,1,1,4.969813299576001,6275.0,0.022948207171314742,0.4,0.06374501992031872
LP001155,0,1,0,1,0,1928,1644.0,100.0,360.0,1.0,1,1,4.605170185988092,3572.0,0.027995520716685332,0.2777777777777778,0.07776533532412591
LP001157,0,0,0,0,0,3086,0.0,120.0,360.0,1.0,1,1,4.787491742782046,3086.0,0.03888528839922229,0.3333333333333333,0.1080146899978397
LP001164,0,0,0,0,0,4230,0.0,112.0,360.0,1.0,1,0,4.718498871295094,4230.0,0.026477541371158392,0.3111111111111111,0.07354872603099555
LP001179,1,1,2,0,0,4616,0.0,134.0,360.0,1.0,2,0,4.897839799950911,4616.0,0.02902946273830156,0.37222222222222223,0.08063739649528211
LP001186,0,1,1,0,1,11500,0.0,286.0,360.0,0.0,2,0,5.655991810819852,11500.0,0.024869565217391306,0.7944444444444444,0.06908212560386473
LP001194,1,1,2,0,0,2708,1167.0,97.0,360.0,1.0,1,1,4.574710978503383,3875.0,0.02503225806451613,0.26944444444444443,0.06953405017921148
LP001195,1,1,0,0,0,2132,1591.0,96.0,360.0,1.0,1,1,4.564348191467836,3723.0,0.0257856567284448,0.26666666666666666,0.07162682424568001
LP001197,1,1,0,0,0,3366,2200.0,135.0,360.0,1.0,0,0,4.90527477843843,5566.0,0.024254401724757457,0.375,0.06737333812432626
LP001198,1,1,1,0,0,8080,2250.0,180.0,360.0,1.0,2,1,5.19295685089021,10330.0,0.017424975798644726,0.5,0.0484027105517909
LP001199,1,1,2,1,0,3357,2859.0,144.0,360.0,1.0,2,1,4.969813299576001,6216.0,0.023166023166023165,0.4,0.06435006435006435
LP001205,1,1,0,0,0,2500,3796.0,120.0,360.0,1.0,2,1,4.787491742782046,6296.0,0.01905972045743329,0.3333333333333333,0.05294366793731469
LP001206,1,1,3,0,0,3029,0.0,99.0,360.0,1.0,2,1,4.59511985013459,3029.0,0.03268405414328161,0.275,0.09078903928689336
LP001207,1,1,0,1,1,2609,3449.0,165.0,180.0,0.0,0,0,5.10594547390058,6058.0,0.02723671178606801,0.9166666666666666,0.1513150654781556
LP001213,1,1,1,0,0,4945,0.0,128.0,360.0,0.0,0,0,4.852030263919617,4945.0,0.025884732052578362,0.35555555555555557,0.07190203347938434
LP001222,0,0,0,0,0,4166,0.0,116.0,360.0,0.0,1,0,4.7535901911063645,4166.0,0.02784445511281805,0.32222222222222224,0.0773457086467168
LP001225,1,1,0,0,0,5726,4595.0,258.0,360.0,1.0,1,0,5.552959584921617,10321.0,0.024997577754093597,0.7166666666666667,0.06943771598359331
LP001228,1,0,0,1,0,3200,2254.0,126.0,180.0,0.0,2,0,4.836281906951478,5454.0,0.0231023102310231,0.7,0.12834616795012835
LP001233,1,1,1,0,0,10750,0.0,312.0,360.0,1.0,2,1,5.7430031878094825,10750.0,0.02902325581395349,0.8666666666666667,0.0806201550387597
LP001238,1,1,3,1,1,7100,0.0,125.0,60.0,1.0,2,1,4.8283137373023015,7100.0,0.017605633802816902,2.0833333333333335,0.2934272300469484
LP001241,0,0,0,0,0,4300,0.0,136.0,360.0,0.0,1,0,4.912654885736052,4300.0,0.03162790697674418,0.37777777777777777,0.08785529715762273
LP001243,1,1,0,0,0,3208,3066.0,172.0,360.0,1.0,2,1,5.147494476813453,6274.0,0.027414727446605038,0.4777777777777778,0.076152020685014
LP001245,1,1,2,1,1,1875,1875.0,97.0,360.0,1.0,1,1,4.574710978503383,3750.0,0.025866666666666666,0.26944444444444443,0.07185185185185186
LP001248,1,0,0,0,0,3500,0.0,81.0,300.0,1.0,1,1,4.394449154672439,3500.0,0.023142857142857142,0.27,0.07714285714285714
LP001250,1,1,3,1,0,4755,0.0,95.0,360.0,0.0,1,0,4.553876891600541,4755.0,0.019978969505783387,0.2638888888888889,0.055497137516064964
LP001253,1,1,3,0,1,5266,1774.0,187.0,360.0,1.0,1,1,5.231108616854587,7040.0,0.0265625,0.5194444444444445,0.07378472222222222
LP001255,1,0,0,0,0,3750,0.0,113.0,480.0,1.0,2,0,4.727387818712341,3750.0,0.030133333333333335,0.23541666666666666,0.06277777777777778
LP001256,1,0,0,0,0,3750,4750.0,176.0,360.0,1.0,2,0,5.170483995038151,8500.0,0.020705882352941178,0.4888888888888889,0.05751633986928104
LP001259,1,1,1,0,1,1000,3022.0,110.0,360.0,1.0,2,0,4.700480365792417,4022.0,0.02734957732471407,0.3055555555555556,0.07597104812420577
LP001263,1,1,3,0,0,3167,4000.0,180.0,300.0,0.0,1,0,5.19295685089021,7167.0,0.025115110925073254,0.6,0.08371703641691085
LP001264,1,1,3,1,1,3333,2166.0,130.0,360.0,1.0,1,1,4.867534450455582,5499.0,0.02364066193853428,0.3611111111111111,0.06566850538481744
LP001265,0,0,0,0,0,3846,0.0,111.0,360.0,1.0,1,1,4.709530201312334,3846.0,0.028861154446177848,0.30833333333333335,0.08016987346160515
LP001266,1,1,1,0,1,2395,0.0,128.0,360.0,1.0,1,1,4.852030263919617,2395.0,0.05344467640918581,0.35555555555555557,0.14845743446996057
LP001267,0,1,2,0,0,1378,1881.0,167.0,360.0,1.0,2,0,5.117993812416755,3259.0,0.0512427124884934,0.4638888888888889,0.1423408680235928
LP001273,1,1,0,0,0,6000,2250.0,265.0,360.0,0.0,1,0,5.579729825986222,8250.0,0.03212121212121212,0.7361111111111112,0.08922558922558924
LP001275,1,1,1,0,0,3988,0.0,50.0,240.0,1.0,2,1,3.912023005428146,3988.0,0.012537612838515547,0.20833333333333334,0.05224005349381478
LP001279,1,0,0,0,0,2366,2531.0,136.0,360.0,1.0,1,1,4.912654885736052,4897.0,0.027772105370635083,0.37777777777777777,0.07714473714065301
LP001280,1,1,2,1,0,3333,2000.0,99.0,360.0,1.0,1,1,4.59511985013459,5333.0,0.0185636602287643,0.275,0.0515657228576786
LP001282,1,1,0,0,0,2500,2118.0,104.0,360.0,1.0,1,1,4.6443908991413725,4618.0,0.02252057167605024,0.28888888888888886,0.06255714354458398
LP001289,1,0,0,0,0,8566,0.0,210.0,360.0,1.0,2,1,5.3471075307174685,8566.0,0.02451552650011674,0.5833333333333334,0.0680986847225465
LP001310,1,1,0,0,0,5695,4167.0,175.0,360.0,1.0,1,1,5.1647859739235145,9862.0,0.017744879334820524,0.4861111111111111,0.049291331485612565
LP001316,1,1,0,0,0,2958,2900.0,131.0,360.0,1.0,1,1,4.875197323201151,5858.0,0.022362581085694777,0.3638888888888889,0.062118280793596596
LP001318,1,1,2,0,0,6250,5654.0,188.0,180.0,1.0,1,1,5.236441962829949,11904.0,0.015793010752688172,1.0444444444444445,0.08773894862604541
LP001319,1,1,2,1,0,3273,1820.0,81.0,360.0,1.0,2,1,4.394449154672439,5093.0,0.015904182210877676,0.225,0.04417828391910465
LP001322,1,0,0,0,0,4133,0.0,122.0,360.0,1.0,1,1,4.804021044733257,4133.0,0.029518509557222357,0.3388888888888889,0.08199585988117322
LP001325,1,0,0,1,0,3620,0.0,25.0,120.0,1.0,1,1,3.2188758248682006,3620.0,0.006906077348066298,0.20833333333333334,0.05755064456721916
LP001326,1,0,0,0,0,6782,0.0,128.0,360.0,0.0,2,0,4.852030263919617,6782.0,0.018873488646416987,0.35555555555555557,0.05242635735115829
LP001327,0,1,0,0,0,2484,2302.0,137.0,360.0,1.0,1,1,4.919980925828125,4786.0,0.028625156707062265,0.38055555555555554,0.07951432418628407
LP001333,1,1,0,0,0,1977,997.0,50.0,360.0,1.0,1,1,3.912023005428146,2974.0,0.016812373907195696,0.1388888888888889,0.04670103863109915
LP001334,1,1,0,1,0,4188,0.0,115.0,180.0,1.0,1,1,4.74493212836325,4188.0,0.027459407831900668,0.6388888888888888,0.15255226573278147
LP001343,1,1,0,0,0,1759,3541.0,131.0,360.0,1.0,1,1,4.875197323201151,5300.0,0.02471698113207547,0.3638888888888889,0.06865828092243186
LP001345,1,1,2,1,0,4288,3263.0,133.0,180.0,1.0,2,1,4.890349128221754,7551.0,0.01761356111773275,0.7388888888888889,0.09785311732073751
LP001349,1,0,0,0,0,4843,3806.0,151.0,360.0,1.0,1,1,5.017279836814924,8649.0,0.017458665741704245,0.41944444444444445,0.048496293726956234
LP001350,1,1,0,0,0,13650,0.0,128.0,360.0,1.0,2,1,4.852030263919617,13650.0,0.009377289377289377,0.35555555555555557,0.026048026048026047
LP001356,1,1,0,0,0,4652,3583.0,128.0,360.0,1.0,1,1,4.852030263919617,8235.0,0.01554341226472374,0.35555555555555557,0.04317614517978816
LP001357,1,1,0,0,0,3816,754.0,160.0,360.0,1.0,2,1,5.075173815233827,4570.0,0.0350109409190372,0.4444444444444444,0.09725261366399221
LP001367,1,1,1,0,0,3052,1030.0,100.0,360.0,1.0,2,1,4.605170185988092,4082.0,0.02449779519843214,0.2777777777777778,0.06804943110675594
LP001369,1,1,2,0,0,11417,1126.0,225.0,360.0,1.0,2,1,5.41610040220442,12543.0,0.01793829227457546,0.625,0.049828589651598504
LP001370,1,0,0,1,0,7333,0.0,120.0,360.0,1.0,0,0,4.787491742782046,7333.0,0.01636438019909996,0.3333333333333333,0.04545661166416655
LP001379,1,1,2,0,0,3800,3600.0,216.0,360.0,0.0,2,0,5.375278407684165,7400.0,0.02918918918918919,0.6,0.08108108108108109
LP001384,1,1,3,1,0,2071,754.0,94.0,480.0,1.0,1,1,4.543294782270004,2825.0,0.03327433628318584,0.19583333333333333,0.06932153392330384
LP001385,1,0,0,0,0,5316,0.0,136.0,360.0,1.0,2,1,4.912654885736052,5316.0,0.025583145221971408,0.37777777777777777,0.07106429228325391
LP001387,0,1,0,0,0,2929,2333.0,139.0,360.0,1.0,1,1,4.9344739331306915,5262.0,0.026415811478525276,0.3861111111111111,0.07337725410701466
LP001391,1,1,0,1,0,3572,4114.0,152.0,360.0,0.0,0,0,5.0238805208462765,7686.0,0.019776216497527973,0.4222222222222222,0.05493393471535548
LP001392,0,0,1,0,1,7451,0.0,128.0,360.0,1.0,1,1,4.852030263919617,7451.0,0.01717890216078379,0.35555555555555557,0.04771917266884385
LP001398,1,0,0,0,0,5050,0.0,118.0,360.0,1.0,1,1,4.770684624465665,5050.0,0.023366336633663366,0.3277777777777778,0.06490649064906491
LP001401,1,1,1,0,0,14583,0.0,185.0,180.0,1.0,0,1,5.220355825078324,14583.0,0.012686004251525749,1.0277777777777777,0.07047780139736526
LP001404,0,1,0,0,0,3167,2283.0,154.0,360.0,1.0,1,1,5.0369526024136295,5450.0,0.028256880733944955,0.42777777777777776,0.07849133537206932
LP001405,1,1,1,0,0,2214,1398.0,85.0,360.0,1.0,2,1,4.442651256490317,3612.0,0.02353266888150609,0.2361111111111111,0.06536852467085025
LP001421,1,1,0,0,0,5568,2142.0,175.0,360.0,1.0,0,0,5.1647859739235145,7710.0,0.022697795071335927,0.4861111111111111,0.0630494307537109
LP001422,0,0,0,0,0,10408,0.0,259.0,360.0,1.0,2,1,5.556828061699537,10408.0,0.024884704073789392,0.7194444444444444,0.06912417798274831
LP001426,1,1,0,0,0,5667,2667.0,180.0,360.0,1.0,0,1,5.19295685089021,8334.0,0.02159827213822894,0.5,0.059995200383969285
LP001430,0,0,0,0,0,4166,0.0,44.0,360.0,1.0,1,1,3.784189633918261,4166.0,0.01056168987037926,0.12222222222222222,0.029338027417720167
LP001431,0,0,0,0,0,2137,8980.0,137.0,360.0,0.0,1,1,4.919980925828125,11117.0,0.01232346856166232,0.38055555555555554,0.03423185711572866
LP001432,1,1,2,0,0,2957,0.0,81.0,360.0,1.0,1,1,4.394449154672439,2957.0,0.027392627663172135,0.225,0.07609063239770038
LP001439,1,1,0,1,0,4300,2014.0,194.0,360.0,1.0,0,1,5.267858159063328,6314.0,0.030725372188786824,0.5388888888888889,0.0853482560799634
LP001443,0,0,0,0,0,3692,0.0,93.0,360.0,1.0,0,1,4.532599493153256,3692.0,0.025189599133261104,0.25833333333333336,0.06997110870350308
LP001448,1,1,3,0,0,23803,0.0,370.0,360.0,1.0,0,1,5.91350300563827,23803.0,0.015544259127000798,1.0277777777777777,0.04317849757500221
LP001449,1,0,0,0,0,3865,1640.0,128.0,360.0,1.0,0,1,4.852030263919617,5505.0,0.023251589464123524,0.35555555555555557,0.06458774851145423
LP001451,1,1,1,0,1,10513,3850.0,160.0,180.0,0.0,2,0,5.075173815233827,14363.0,0.011139734038849823,0.8888888888888888,0.061887411326943455
LP001465,1,1,0,0,0,6080,2569.0,182.0,360.0,0.0,0,0,5.204006687076795,8649.0,0.021042895132385248,0.5055555555555555,0.058452486478847904
LP001469,1,0,0,0,1,20166,0.0,650.0,480.0,1.0,2,1,6.476972362889683,20166.0,0.03223247049489239,1.3541666666666667,0.06715098019769249
LP001473,1,0,0,0,0,2014,1929.0,74.0,360.0,1.0,2,1,4.30406509320417,3943.0,0.018767435962465127,0.20555555555555555,0.05213176656240313
LP001478,1,0,0,0,0,2718,0.0,70.0,360.0,1.0,1,1,4.248495242049359,2718.0,0.025754231052244298,0.19444444444444445,0.0715395307006786
LP001482,1,1,0,0,1,3459,0.0,25.0,120.0,1.0,1,1,3.2188758248682006,3459.0,0.007227522405319456,0.20833333333333334,0.06022935337766214
LP001487,1,0,0,0,0,4895,0.0,102.0,360.0,1.0,1,1,4.624972813284271,4895.0,0.020837589376915218,0.2833333333333333,0.057882192713653385
LP001488,1,1,3,0,0,4000,7750.0,290.0,360.0,1.0,1,0,5.66988092298052,11750.0,0.02468085106382979,0.8055555555555556,0.06855791962174941
LP001489,0,1,0,0,0,4583,0.0,84.0,360.0,1.0,0,0,4.430816798843313,4583.0,0.0183286057167794,0.23333333333333334,0.05091279365772056
LP001491,1,1,2,0,1,3316,3500.0,88.0,360.0,1.0,2,1,4.477336814478207,6816.0,0.012910798122065728,0.24444444444444444,0.03586332811684924
LP001492,1,0,0,0,0,14999,0.0,242.0,360.0,0.0,1,0,5.488937726156687,14999.0,0.016134408960597372,0.6722222222222223,0.044817802668326044
LP001493,1,1,2,1,0,4200,1430.0,129.0,360.0,1.0,0,0,4.859812404361672,5630.0,0.022912966252220248,0.35833333333333334,0.06364712847838958
LP001497,1,1,2,0,0,5042,2083.0,185.0,360.0,1.0,0,0,5.220355825078324,7125.0,0.025964912280701753,0.5138888888888888,0.07212475633528263
LP001498,1,0,0,0,0,5417,0.0,168.0,360.0,1.0,2,1,5.123963979403259,5417.0,0.031013476093778844,0.4666666666666667,0.08614854470494124
LP001504,1,0,0,0,1,6950,0.0,175.0,180.0,1.0,1,1,5.1647859739235145,6950.0,0.025179856115107913,0.9722222222222222,0.13988808952837728
LP001507,1,1,0,0,0,2698,2034.0,122.0,360.0,1.0,1,1,4.804021044733257,4732.0,0.02578191039729501,0.3388888888888889,0.07161641777026392
LP001508,1,1,2,0,0,11757,0.0,187.0,180.0,1.0,2,1,5.231108616854587,11757.0,0.01590541804882198,1.038888888888889,0.08836343360456655
LP001514,0,1,0,0,0,2330,4486.0,100.0,360.0,1.0,1,1,4.605170185988092,6816.0,0.014671361502347418,0.2777777777777778,0.040753781950965046
LP001516,0,1,2,0,0,14866,0.0,70.0,360.0,1.0,2,1,4.248495242049359,14866.0,0.0047087313332436435,0.19444444444444445,0.01307980925901012
LP001518,1,1,1,0,0,1538,1425.0,30.0,360.0,1.0,2,1,3.4011973816621555,2963.0,0.010124873439082012,0.08333333333333333,0.028124648441894474
LP001519,0,0,0,0,0,10000,1666.0,225.0,360.0,1.0,0,0,5.41610040220442,11666.0,0.019286816389507973,0.625,0.053574489970855475
LP001520,1,1,0,0,0,4860,830.0,125.0,360.0,1.0,1,1,4.8283137373023015,5690.0,0.021968365553602813,0.3472222222222222,0.0610232376488967
LP001528,1,0,0,0,0,6277,0.0,118.0,360.0,0.0,0,0,4.770684624465665,6277.0,0.018798789230524134,0.3277777777777778,0.05221885897367815
LP001529,1,1,0,0,1,2577,3750.0,152.0,360.0,1.0,0,1,5.0238805208462765,6327.0,0.024024024024024024,0.4222222222222222,0.0667334000667334
LP001531,1,0,0,0,0,9166,0.0,244.0,360.0,1.0,2,0,5.497168225293202,9166.0,0.026620117826751038,0.6777777777777778,0.07394477174097511
LP001532,1,1,2,1,0,2281,0.0,113.0,360.0,1.0,0,0,4.727387818712341,2281.0,0.049539675580885574,0.3138888888888889,0.13761020994690437
LP001535,1,0,0,0,0,3254,0.0,50.0,360.0,1.0,2,1,3.912023005428146,3254.0,0.015365703749231715,0.1388888888888889,0.04268251041453254
LP001536,1,1,3,0,0,39999,0.0,600.0,180.0,0.0,1,1,6.396929655216146,39999.0,0.015000375009375235,3.3333333333333335,0.0833354167187513
LP001541,1,1,1,0,0,6000,0.0,160.0,360.0,1.0,0,1,5.075173815233827,6000.0,0.02666666666666667,0.4444444444444444,0.07407407407407407
LP001543,1,1,1,0,0,9538,0.0,187.0,360.0,1.0,2,1,5.231108616854587,9538.0,0.019605787376808556,0.5194444444444445,0.054460520491134874
LP001546,1,0,0,0,0,2980,2083.0,120.0,360.0,1.0,0,1,4.787491742782046,5063.0,0.023701362828362632,0.3333333333333333,0.06583711896767397
LP001552,1,1,0,0,0,4583,5625.0,255.0,360.0,1.0,1,1,5.541263545158426,10208.0,0.02498040752351097,0.7083333333333334,0.06939002089864159
LP001560,1,1,0,1,0,1863,1041.0,98.0,360.0,1.0,1,1,4.584967478670572,2904.0,0.0337465564738292,0.2722222222222222,0.09374043464952554
LP001562,1,1,0,0,0,7933,0.0,275.0,360.0,1.0,2,0,5.616771097666572,7933.0,0.03466532207235598,0.7638888888888888,0.09629256131209994
LP001565,1,1,1,0,0,3089,1280.0,121.0,360.0,0.0,1,0,4.795790545596741,4369.0,0.027695124742504004,0.33611111111111114,0.07693090206251113
LP001570,1,1,2,0,0,4167,1447.0,158.0,360.0,1.0,0,1,5.062595033026967,5614.0,0.028143925899536872,0.4388888888888889,0.07817757194315797
LP001572,1,1,0,0,0,9323,0.0,75.0,180.0,1.0,2,1,4.31748811353631,9323.0,0.008044620830204869,0.4166666666666667,0.04469233794558261
LP001574,1,1,0,0,0,3707,3166.0,182.0,360.0,1.0,0,1,5.204006687076795,6873.0,0.02648043067074058,0.5055555555555555,0.07355675186316828
LP001577,0,1,0,0,0,4583,0.0,112.0,360.0,1.0,0,0,4.718498871295094,4583.0,0.02443814095570587,0.3111111111111111,0.06788372487696076
LP001578,1,1,0,0,0,2439,3333.0,129.0,360.0,1.0,0,1,4.859812404361672,5772.0,0.02234927234927235,0.35833333333333334,0.062081312081312075
LP001579,1,0,0,0,0,2237,0.0,63.0,480.0,0.0,1,0,4.143134726391533,2237.0,0.028162717925793473,0.13125,0.058672329012069736
LP001580,1,1,2,0,0,8000,0.0,200.0,360.0,1.0,1,1,5.298317366548036,8000.0,0.025,0.5555555555555556,0.06944444444444445
LP001581,1,1,0,1,0,1820,1769.0,95.0,360.0,1.0,0,1,4.553876891600541,3589.0,0.026469768737809974,0.2638888888888889,0.07352713538280549
LP001585,1,1,3,0,0,51763,0.0,700.0,300.0,1.0,2,1,6.551080335043404,51763.0,0.013523172922744044,2.3333333333333335,0.04507724307581348
LP001586,1,1,3,1,0,3522,0.0,81.0,180.0,1.0,0,0,4.394449154672439,3522.0,0.022998296422487224,0.45,0.12776831345826234
LP001594,1,1,0,0,0,5708,5625.0,187.0,360.0,1.0,1,1,5.231108616854587,11333.0,0.016500485308391422,0.5194444444444445,0.0458346814121984
LP001603,1,1,0,1,1,4344,736.0,87.0,360.0,1.0,1,0,4.465908118654584,5080.0,0.017125984251968505,0.24166666666666667,0.04757217847769029
LP001606,1,1,0,0,0,3497,1964.0,116.0,360.0,1.0,0,1,4.7535901911063645,5461.0,0.021241530855154733,0.32222222222222224,0.05900425237542982
LP001608,1,1,2,0,0,2045,1619.0,101.0,360.0,1.0,0,1,4.61512051684126,3664.0,0.027565502183406112,0.28055555555555556,0.07657083939835031
LP001610,1,1,3,0,0,5516,11300.0,495.0,360.0,0.0,1,0,6.20455776256869,16816.0,0.029436251189343482,1.375,0.081767364414843
LP001616,1,1,1,0,0,3750,0.0,116.0,360.0,1.0,1,1,4.7535901911063645,3750.0,0.030933333333333334,0.32222222222222224,0.08592592592592593
LP001630,1,0,0,1,0,2333,1451.0,102.0,480.0,0.0,2,0,4.624972813284271,3784.0,0.026955602536997886,0.2125,0.05615750528541226
LP001633,1,1,1,0,0,6400,7250.0,180.0,360.0,0.0,2,0,5.19295685089021,13650.0,0.013186813186813187,0.5,0.03663003663003663
LP001634,1,0,0,0,0,1916,5063.0,67.0,360.0,0.0,0,0,4.204692619390966,6979.0,0.00960022925920619,0.18611111111111112,0.026667303497794972
LP001636,1,1,0,0,0,4600,0.0,73.0,180.0,1.0,1,1,4.290459441148391,4600.0,0.015869565217391305,0.40555555555555556,0.08816425120772947
LP001637,1,1,1,0,0,33846,0.0,260.0,360.0,1.0,1,0,5.560681631015528,33846.0,0.00768185309933227,0.7222222222222222,0.021338480831478525
LP001639,0,1,0,0,0,3625,0.0,108.0,360.0,1.0,1,1,4.68213122712422,3625.0,0.029793103448275862,0.3,0.08275862068965517
LP001640,1,1,0,0,1,39147,4750.0,120.0,360.0,1.0,1,1,4.787491742782046,43897.0,0.0027336720049206094,0.3333333333333333,0.0075935333470016925
LP001641,1,1,1,0,1,2178,0.0,66.0,300.0,0.0,0,0,4.189654742026425,2178.0,0.030303030303030304,0.22,0.10101010101010101
LP001643,1,1,0,0,0,2383,2138.0,58.0,360.0,1.0,0,1,4.060443010546419,4521.0,0.012829020128290201,0.16111111111111112,0.03563616702302834
LP001644,0,1,0,0,1,674,5296.0,168.0,360.0,1.0,0,1,5.123963979403259,5970.0,0.02814070351758794,0.4666666666666667,0.07816862088218872
LP001647,1,1,0,0,0,9328,0.0,188.0,180.0,1.0,0,1,5.236441962829949,9328.0,0.020154373927958835,1.0444444444444445,0.11196874404421575
LP001653,1,0,0,1,0,4885,0.0,48.0,360.0,1.0,0,1,3.871201010907891,4885.0,0.009825997952917094,0.13333333333333333,0.02729443875810304
LP001656,1,0,0,0,0,12000,0.0,164.0,360.0,1.0,1,0,5.099866427824199,12000.0,0.013666666666666667,0.45555555555555555,0.03796296296296296
LP001657,1,1,0,1,0,6033,0.0,160.0,360.0,1.0,2,0,5.075173815233827,6033.0,0.026520802254268193,0.4444444444444444,0.07366889515074497
LP001658,1,0,0,0,0,3858,0.0,76.0,360.0,1.0,1,1,4.330733340286331,3858.0,0.019699326075686883,0.2111111111111111,0.054720350210241346
LP001664,1,0,0,0,0,4191,0.0,120.0,360.0,1.0,0,1,4.787491742782046,4191.0,0.02863278453829635,0.3333333333333333,0.07953551260637874
LP001665,1,1,1,0,0,3125,2583.0,170.0,360.0,1.0,1,0,5.135798437050262,5708.0,0.029782761037140854,0.4722222222222222,0.08272989176983571
LP001666,1,0,0,0,0,8333,3750.0,187.0,360.0,1.0,0,1,5.231108616854587,12083.0,0.015476289001075892,0.5194444444444445,0.04298969166965526
LP001669,0,0,0,1,0,1907,2365.0,120.0,360.0,1.0,2,1,4.787491742782046,4272.0,0.028089887640449437,0.3333333333333333,0.0780274656679151
LP001671,0,1,0,0,0,3416,2816.0,113.0,360.0,1.0,1,1,4.727387818712341,6232.0,0.01813222079589217,0.3138888888888889,0.05036727998858936
LP001673,1,0,0,0,1,11000,0.0,83.0,360.0,1.0,2,0,4.418840607796598,11000.0,0.007545454545454545,0.23055555555555557,0.020959595959595963
LP001674,1,1,1,1,0,2600,2500.0,90.0,360.0,1.0,1,1,4.499809670330265,5100.0,0.01764705882352941,0.25,0.049019607843137254
LP001677,1,0,2,0,0,4923,0.0,166.0,360.0,0.0,1,1,5.111987788356544,4923.0,0.03371927686370099,0.46111111111111114,0.09366465795472499
LP001682,1,1,3,1,0,3992,0.0,128.0,180.0,1.0,2,0,4.852030263919617,3992.0,0.03206412825651302,0.7111111111111111,0.1781340458695168
LP001688,1,1,1,1,0,3500,1083.0,135.0,360.0,1.0,2,1,4.90527477843843,4583.0,0.029456687759109753,0.375,0.08182413266419376
LP001691,1,1,2,1,0,3917,0.0,124.0,360.0,1.0,1,1,4.820281565605037,3917.0,0.03165688026550932,0.34444444444444444,0.08793577851530367
LP001692,0,0,0,1,0,4408,0.0,120.0,360.0,1.0,1,1,4.787491742782046,4408.0,0.02722323049001815,0.3333333333333333,0.07562008469449485
LP001693,0,0,0,0,0,3244,0.0,80.0,360.0,1.0,2,1,4.382026634673881,3244.0,0.02466091245376079,0.2222222222222222,0.06850253459377996
LP001698,1,0,0,1,0,3975,2531.0,55.0,360.0,1.0,0,1,4.007333185232471,6506.0,0.008453735013833385,0.1527777777777778,0.023482597260648296
LP001699,1,0,0,0,0,2479,0.0,59.0,360.0,1.0,2,1,4.07753744390572,2479.0,0.02379991932230738,0.1638888888888889,0.0661108870064094
LP001702,1,0,0,0,0,3418,0.0,127.0,360.0,1.0,1,0,4.844187086458591,3418.0,0.0371562317144529,0.3527777777777778,0.10321175476236917
LP001708,0,0,0,0,0,10000,0.0,214.0,360.0,1.0,1,0,5.365976015021851,10000.0,0.0214,0.5944444444444444,0.059444444444444446
LP001711,1,1,3,0,0,3430,1250.0,128.0,360.0,0.0,1,0,4.852030263919617,4680.0,0.02735042735042735,0.35555555555555557,0.07597340930674264
LP001713,1,1,1,0,1,7787,0.0,240.0,360.0,1.0,2,1,5.480638923341991,7787.0,0.030820598433286245,0.6666666666666666,0.08561277342579512
LP001715,1,1,3,1,1,5703,0.0,130.0,360.0,1.0,0,1,4.867534450455582,5703.0,0.02279502016482553,0.3611111111111111,0.06331950045784869
LP001716,1,1,0,0,0,3173,3021.0,137.0,360.0,1.0,2,1,4.919980925828125,6194.0,0.022118178882789795,0.38055555555555554,0.06143938578552721
LP001720,1,1,3,1,0,3850,983.0,100.0,360.0,1.0,1,1,4.605170185988092,4833.0,0.02069108214359611,0.2777777777777778,0.05747522817665586
LP001722,1,1,0,0,0,150,1800.0,135.0,360.0,1.0,0,0,4.90527477843843,1950.0,0.06923076923076923,0.375,0.19230769230769232
LP001726,1,1,0,0,0,3727,1775.0,131.0,360.0,1.0,1,1,4.875197323201151,5502.0,0.023809523809523808,0.3638888888888889,0.06613756613756613
LP001732,1,1,2,0,0,5000,0.0,72.0,360.0,0.0,1,0,4.276666119016055,5000.0,0.0144,0.2,0.04
LP001734,0,1,2,0,0,4283,2383.0,127.0,360.0,1.0,1,1,4.844187086458591,6666.0,0.019051905190519053,0.3527777777777778,0.05292195886255293
LP001736,1,1,0,0,0,2221,0.0,60.0,360.0,0.0,2,0,4.0943445622221,2221.0,0.0270148581719946,0.16666666666666666,0.07504127269998499
LP001743,1,1,2,0,0,4009,1717.0,116.0,360.0,1.0,1,1,4.7535901911063645,5726.0,0.020258470136220747,0.32222222222222224,0.05627352815616874
LP001744,1,0,0,0,0,2971,2791.0,144.0,360.0,1.0,1,1,4.969813299576001,5762.0,0.024991322457480043,0.4,0.06942034015966678
LP001749,1,1,0,0,0,7578,1010.0,175.0,360.0,1.0,1,1,5.1647859739235145,8588.0,0.0203772706101537,0.4861111111111111,0.05660352947264917
LP001750,1,1,0,0,0,6250,0.0,128.0,360.0,1.0,1,1,4.852030263919617,6250.0,0.02048,0.35555555555555557,0.056888888888888885
LP001751,1,1,0,0,0,3250,0.0,170.0,360.0,1.0,0,0,5.135798437050262,3250.0,0.052307692307692305,0.4722222222222222,0.1452991452991453
LP001754,1,1,0,1,1,4735,0.0,138.0,360.0,1.0,2,0,4.927253685157205,4735.0,0.02914466737064414,0.38333333333333336,0.0809574093629004
LP001758,1,1,2,0,0,6250,1695.0,210.0,360.0,1.0,1,1,5.3471075307174685,7945.0,0.02643171806167401,0.5833333333333334,0.07342143906020558
LP001760,1,0,0,0,0,4758,0.0,158.0,480.0,1.0,1,1,5.062595033026967,4758.0,0.0332072299285414,0.32916666666666666,0.0691817290177946
LP001761,1,0,0,0,1,6400,0.0,200.0,360.0,1.0,0,1,5.298317366548036,6400.0,0.03125,0.5555555555555556,0.08680555555555555
LP001765,1,1,1,0,0,2491,2054.0,104.0,360.0,1.0,1,1,4.6443908991413725,4545.0,0.02288228822882288,0.28888888888888886,0.06356191174673022
LP001768,1,1,0,0,0,3716,0.0,42.0,180.0,1.0,0,1,3.7376696182833684,3716.0,0.011302475780409042,0.23333333333333334,0.06279153211338356
LP001770,1,0,0,1,0,3189,2598.0,120.0,360.0,1.0,0,1,4.787491742782046,5787.0,0.020736132711249352,0.3333333333333333,0.05760036864235931
LP001776,0,0,0,0,0,8333,0.0,280.0,360.0,1.0,1,1,5.634789603169249,8333.0,0.03360134405376215,0.7777777777777778,0.09333706681600598
LP001778,1,1,1,0,0,3155,1779.0,140.0,360.0,1.0,1,1,4.941642422609304,4934.0,0.02837454398054317,0.3888888888888889,0.07881817772373104
LP001784,1,1,1,0,0,5500,1260.0,170.0,360.0,1.0,0,1,5.135798437050262,6760.0,0.02514792899408284,0.4722222222222222,0.06985535831689678
LP001786,1,1,0,0,0,5746,0.0,255.0,360.0,0.0,2,0,5.541263545158426,5746.0,0.04437869822485207,0.7083333333333334,0.1232741617357002
LP001788,0,0,0,0,1,3463,0.0,122.0,360.0,1.0,2,1,4.804021044733257,3463.0,0.03522956973722206,0.3388888888888889,0.09785991593672795
LP001790,0,0,1,0,0,3812,0.0,112.0,360.0,1.0,0,1,4.718498871295094,3812.0,0.02938090241343127,0.3111111111111111,0.08161361781508687
LP001792,1,1,1,0,0,3315,0.0,96.0,360.0,1.0,1,1,4.564348191467836,3315.0,0.02895927601809955,0.26666666666666666,0.08044243338360986
LP001798,1,1,2,0,0,5819,5000.0,120.0,360.0,1.0,0,1,4.787491742782046,10819.0,0.01109159811442832,0.3333333333333333,0.03080999476230089
LP001800,1,1,1,1,0,2510,1983.0,140.0,180.0,1.0,2,0,4.941642422609304,4493.0,0.031159581571333184,0.7777777777777778,0.1731087865074066
LP001806,1,0,0,0,0,2965,5701.0,155.0,60.0,1.0,2,1,5.043425116919247,8666.0,0.017885991230094624,2.5833333333333335,0.2980998538349104
LP001807,1,1,2,0,1,6250,1300.0,108.0,360.0,1.0,0,1,4.68213122712422,7550.0,0.014304635761589404,0.3,0.039735099337748346
LP001811,1,1,0,1,0,3406,4417.0,123.0,360.0,1.0,1,1,4.812184355372417,7823.0,0.01572286846478333,0.3416666666666667,0.04367463462439814
LP001813,1,0,0,0,1,6050,4333.0,120.0,180.0,1.0,2,0,4.787491742782046,10383.0,0.011557353366079168,0.6666666666666666,0.06420751870043982
LP001814,1,1,2,0,0,9703,0.0,112.0,360.0,1.0,2,1,4.718498871295094,9703.0,0.011542821807688343,0.3111111111111111,0.0320633939102454
LP001819,1,1,1,1,0,6608,0.0,137.0,180.0,1.0,2,1,4.919980925828125,6608.0,0.020732445520581115,0.7611111111111111,0.1151802528921173
LP001824,1,1,1,0,0,2882,1843.0,123.0,480.0,1.0,1,1,4.812184355372417,4725.0,0.02603174603174603,0.25625,0.05423280423280423
LP001825,1,1,0,0,0,1809,1868.0,90.0,360.0,1.0,2,1,4.499809670330265,3677.0,0.024476475387544192,0.25,0.06799020940984499
LP001835,1,1,0,1,0,1668,3890.0,201.0,360.0,0.0,1,0,5.303304908059076,5558.0,0.0361640878013674,0.5583333333333333,0.10045579944824277
LP001836,0,0,2,0,0,3427,0.0,138.0,360.0,1.0,2,0,4.927253685157205,3427.0,0.040268456375838924,0.38333333333333336,0.11185682326621925
LP001841,1,0,0,1,1,2583,2167.0,104.0,360.0,1.0,0,1,4.6443908991413725,4750.0,0.021894736842105262,0.28888888888888886,0.06081871345029239
LP001843,1,1,1,1,0,2661,7101.0,279.0,180.0,1.0,1,1,5.631211781821365,9762.0,0.02858020897357099,1.55,0.15877893874206106
LP001844,1,0,0,0,1,16250,0.0,192.0,360.0,0.0,2,0,5.2574953720277815,16250.0,0.011815384615384615,0.5333333333333333,0.03282051282051282
LP001846,0,0,3,0,0,3083,0.0,255.0,360.0,1.0,0,1,5.541263545158426,3083.0,0.08271164450210834,0.7083333333333334,0.22975456806141206
LP001849,1,0,0,1,0,6045,0.0,115.0,360.0,0.0,0,0,4.74493212836325,6045.0,0.01902398676592225,0.3194444444444444,0.05284440768311735
LP001854,1,1,3,0,0,5250,0.0,94.0,360.0,1.0,2,0,4.543294782270004,5250.0,0.017904761904761906,0.2611111111111111,0.049735449735449744
LP001859,1,1,0,0,0,14683,2100.0,304.0,360.0,1.0,0,0,5.717027701406222,16783.0,0.018113567300244295,0.8444444444444444,0.05031546472290082
LP001864,1,1,3,1,0,4931,0.0,128.0,360.0,0.0,1,0,4.852030263919617,4931.0,0.02595822348408031,0.35555555555555557,0.07210617634466752
LP001865,1,1,1,0,0,6083,4250.0,330.0,360.0,1.0,2,1,5.799092654460526,10333.0,0.03193651408109939,0.9166666666666666,0.08871253911416498
LP001868,1,0,0,0,0,2060,2209.0,134.0,360.0,1.0,1,1,4.897839799950911,4269.0,0.03138908409463575,0.37222222222222223,0.08719190026287707
LP001870,0,0,1,0,0,3481,0.0,155.0,36.0,1.0,1,0,5.043425116919247,3481.0,0.04452743464521689,4.305555555555555,1.2368731845893581
LP001871,0,0,0,0,0,7200,0.0,120.0,360.0,1.0,0,1,4.787491742782046,7200.0,0.016666666666666666,0.3333333333333333,0.046296296296296294
LP001872,1,0,0,0,1,5166,0.0,128.0,360.0,1.0,1,1,4.852030263919617,5166.0,0.024777390631049168,0.35555555555555557,0.06882608508624768
LP001875,1,0,0,0,0,4095,3447.0,151.0,360.0,1.0,0,1,5.017279836814924,7542.0,0.02002121453195439,0.41944444444444445,0.05561448481098442
LP001877,1,1,2,0,0,4708,1387.0,150.0,360.0,1.0,1,1,5.0106352940962555,6095.0,0.02461033634126333,0.4166666666666667,0.06836204539239814
LP001882,1,1,3,0,0,4333,1811.0,160.0,360.0,0.0,2,1,5.075173815233827,6144.0,0.026041666666666668,0.4444444444444444,0.07233796296296295
LP001883,0,0,0,0,0,3418,0.0,135.0,360.0,1.0,0,0,4.90527477843843,3418.0,0.03949678174370977,0.375,0.10971328262141604
LP001884,0,0,1,0,0,2876,1560.0,90.0,360.0,1.0,2,1,4.499809670330265,4436.0,0.02028854824165915,0.25,0.0563570784490532
LP001888,0,0,0,0,0,3237,0.0,30.0,360.0,1.0,2,1,3.4011973816621555,3237.0,0.009267840593141797,0.08333333333333333,0.025744001647616106
LP001891,1,1,0,0,0,11146,0.0,136.0,360.0,1.0,2,1,4.912654885736052,11146.0,0.012201686703750225,0.37777777777777777,0.033893574177083954
LP001892,1,0,0,0,0,2833,1857.0,126.0,360.0,1.0,0,1,4.836281906951478,4690.0,0.026865671641791045,0.35,0.07462686567164178
LP001894,1,1,0,0,0,2620,2223.0,150.0,360.0,1.0,1,1,5.0106352940962555,4843.0,0.03097253768325418,0.4166666666666667,0.08603482689792828
LP001896,1,1,2,0,0,3900,0.0,90.0,360.0,1.0,1,1,4.499809670330265,3900.0,0.023076923076923078,0.25,0.0641025641025641
LP001900,1,1,1,0,0,2750,1842.0,115.0,360.0,1.0,1,1,4.74493212836325,4592.0,0.02504355400696864,0.3194444444444444,0.06956542779713511
LP001903,1,1,0,0,0,3993,3274.0,207.0,360.0,1.0,1,1,5.332718793265369,7267.0,0.02848493188385854,0.575,0.07912481078849594
LP001904,1,1,0,0,0,3103,1300.0,80.0,360.0,1.0,2,1,4.382026634673881,4403.0,0.018169429934135818,0.2222222222222222,0.05047063870593282
LP001907,1,1,0,0,0,14583,0.0,436.0,360.0,1.0,1,1,6.077642243349034,14583.0,0.02989782623602825,1.211111111111111,0.0830495173223007
LP001908,0,1,0,1,0,4100,0.0,124.0,360.0,1.0,0,1,4.820281565605037,4100.0,0.03024390243902439,0.34444444444444444,0.08401084010840108
LP001910,1,0,1,1,1,4053,2426.0,158.0,360.0,0.0,2,0,5.062595033026967,6479.0,0.02438647939496836,0.4388888888888889,0.06774022054157877
LP001914,1,1,0,0,0,3927,800.0,112.0,360.0,1.0,1,1,4.718498871295094,4727.0,0.0236936746350751,0.3111111111111111,0.06581576287520861
LP001915,1,1,2,0,0,2301,985.7999878,78.0,180.0,1.0,2,1,4.356708826689592,3286.7999878,0.023731288879615956,0.43333333333333335,0.13184049377564422
LP001917,0,0,0,0,0,1811,1666.0,54.0,360.0,1.0,2,1,3.9889840465642745,3477.0,0.015530629853321829,0.15,0.04314063848144953
LP001922,1,1,0,0,0,20667,0.0,128.0,360.0,1.0,0,0,4.852030263919617,20667.0,0.006193448492766246,0.35555555555555557,0.01720402359101735
LP001924,1,0,0,0,0,3158,3053.0,89.0,360.0,1.0,0,1,4.48863636973214,6211.0,0.014329415553051039,0.24722222222222223,0.03980393209180844
LP001925,0,0,0,0,1,2600,1717.0,99.0,300.0,1.0,1,0,4.59511985013459,4317.0,0.022932592077831826,0.33,0.07644197359277276
LP001926,1,1,0,0,0,3704,2000.0,120.0,360.0,1.0,0,1,4.787491742782046,5704.0,0.021037868162692847,0.3333333333333333,0.058438522674146794
LP001931,0,0,0,0,0,4124,0.0,115.0,360.0,1.0,1,1,4.74493212836325,4124.0,0.027885548011639186,0.3194444444444444,0.07745985558788661
LP001935,1,0,0,0,0,9508,0.0,187.0,360.0,1.0,0,1,5.231108616854587,9508.0,0.019667648296171646,0.5194444444444445,0.054632356378254573
LP001936,1,1,0,0,0,3075,2416.0,139.0,360.0,1.0,0,1,4.9344739331306915,5491.0,0.025314150427973046,0.3861111111111111,0.07031708452214736
LP001938,1,1,2,0,0,4400,0.0,127.0,360.0,0.0,1,0,4.844187086458591,4400.0,0.028863636363636362,0.3527777777777778,0.0801767676767677
LP001940,1,1,2,0,0,3153,1560.0,134.0,360.0,1.0,2,1,4.897839799950911,4713.0,0.028431996605134735,0.37222222222222223,0.07897776834759648
LP001945,0,0,0,0,0,5417,0.0,143.0,480.0,0.0,2,0,4.962844630259907,5417.0,0.026398375484585564,0.29791666666666666,0.05499661559288659
LP001947,1,1,0,0,0,2383,3334.0,172.0,360.0,1.0,1,1,5.147494476813453,5717.0,0.03008570928808816,0.4777777777777778,0.08357141468913379
LP001949,1,1,3,0,0,4416,1250.0,110.0,360.0,1.0,2,1,4.700480365792417,5666.0,0.01941404871161313,0.3055555555555556,0.053927913087814264
LP001953,1,1,1,0,0,6875,0.0,200.0,360.0,1.0,1,1,5.298317366548036,6875.0,0.02909090909090909,0.5555555555555556,0.0808080808080808
LP001954,0,1,1,0,0,4666,0.0,135.0,360.0,1.0,2,1,4.90527477843843,4666.0,0.028932704672096014,0.375,0.0803686240891556
LP001955,0,0,0,0,0,5000,2541.0,151.0,480.0,1.0,0,0,5.017279836814924,7541.0,0.020023869513327144,0.3145833333333333,0.04171639481943155
LP001963,1,1,1,0,0,2014,2925.0,113.0,360.0,1.0,2,0,4.727387818712341,4939.0,0.02287912532901397,0.3138888888888889,0.06355312591392769
LP001964,1,1,0,1,0,1800,2934.0,93.0,360.0,0.0,2,0,4.532599493153256,4734.0,0.01964512040557668,0.25833333333333336,0.054569778904379675
LP001972,1,1,0,1,0,2875,1750.0,105.0,360.0,1.0,1,1,4.653960350157523,4625.0,0.022702702702702703,0.2916666666666667,0.06306306306306307
LP001974,0,0,0,0,0,5000,0.0,132.0,360.0,1.0,0,1,4.882801922586371,5000.0,0.0264,0.36666666666666664,0.07333333333333332
LP001977,1,1,1,0,0,1625,1803.0,96.0,360.0,1.0,2,1,4.564348191467836,3428.0,0.028004667444574097,0.26666666666666666,0.07779074290159471
LP001978,1,0,0,0,0,4000,2500.0,140.0,360.0,1.0,0,1,4.941642422609304,6500.0,0.021538461538461538,0.3888888888888889,0.05982905982905983
LP001990,1,0,0,1,0,2000,0.0,128.0,360.0,1.0,2,0,4.852030263919617,2000.0,0.064,0.35555555555555557,0.17777777777777778
LP001993,0,0,0,0,0,3762,1666.0,135.0,360.0,1.0,0,1,4.90527477843843,5428.0,0.024871039056742816,0.375,0.06908621960206338
LP001994,0,0,0,0,0,2400,1863.0,104.0,360.0,0.0,2,0,4.6443908991413725,4263.0,0.02439596528266479,0.28888888888888886,0.06776657022962441
LP001996,1,0,0,0,0,20233,0.0,480.0,360.0,1.0,0,0,6.173786103901937,20233.0,0.02372361982899224,1.3333333333333333,0.06589894396942289
LP001998,1,1,2,1,0,7667,0.0,185.0,360.0,1.0,0,1,5.220355825078324,7667.0,0.024129385678883526,0.5138888888888888,0.067026071330232
LP002002,0,0,0,0,0,2917,0.0,84.0,360.0,1.0,1,1,4.430816798843313,2917.0,0.028796708947548853,0.23333333333333334,0.0799908581876357
LP002004,1,0,0,1,0,2927,2405.0,111.0,360.0,1.0,1,1,4.709530201312334,5332.0,0.020817704426106528,0.30833333333333335,0.0578269567391848
LP002006,0,0,0,0,0,2507,0.0,56.0,360.0,1.0,0,1,4.02535169073515,2507.0,0.022337455125648185,0.15555555555555556,0.062048486460133855
LP002008,1,1,2,0,1,5746,0.0,144.0,84.0,1.0,0,1,4.969813299576001,5746.0,0.025060911938739994,1.7142857142857142,0.2983441897469047
LP002024,1,1,0,0,0,2473,1843.0,159.0,360.0,1.0,0,0,5.0689042022202315,4316.0,0.036839666357738644,0.44166666666666665,0.10233240654927402
LP002031,1,1,1,1,0,3399,1640.0,111.0,180.0,1.0,2,1,4.709530201312334,5039.0,0.022028180194483032,0.6166666666666667,0.12237877885823908
LP002035,1,1,2,0,0,3717,0.0,120.0,360.0,1.0,1,1,4.787491742782046,3717.0,0.03228410008071025,0.3333333333333333,0.08967805577975069
LP002036,1,1,0,0,0,2058,2134.0,88.0,360.0,1.0,2,1,4.477336814478207,4192.0,0.02099236641221374,0.24444444444444444,0.05831212892281594
LP002043,0,0,1,0,0,3541,0.0,112.0,360.0,1.0,1,1,4.718498871295094,3541.0,0.031629483196837054,0.3111111111111111,0.0878596755467696
LP002050,1,1,1,0,1,10000,0.0,155.0,360.0,1.0,0,0,5.043425116919247,10000.0,0.0155,0.4305555555555556,0.04305555555555556
LP002051,1,1,0,0,0,2400,2167.0,115.0,360.0,1.0,1,1,4.74493212836325,4567.0,0.025180643748631486,0.3194444444444444,0.06994623263508745
LP002053,1,1,3,0,0,4342,189.0,124.0,360.0,1.0,1,1,4.820281565605037,4531.0,0.027367027146325315,0.34444444444444444,0.07601951985090366
LP002054,1,1,2,1,0,3601,1590.0,128.0,360.0,1.0,0,1,4.852030263919617,5191.0,0.024658062030437296,0.35555555555555557,0.06849461675121471
LP002055,0,0,0,0,0,3166,2985.0,132.0,360.0,1.0,0,1,4.882801922586371,6151.0,0.021459925215412127,0.36666666666666664,0.059610903376144796
LP002065,1,1,3,0,0,15000,0.0,300.0,360.0,1.0,0,1,5.703782474656201,15000.0,0.02,0.8333333333333334,0.05555555555555556
LP002067,1,1,1,0,1,8666,4983.0,376.0,360.0,0.0,0,0,5.929589143389895,13649.0,0.027547805700051286,1.0444444444444445,0.07652168250014248
LP002068,1,0,0,0,0,4917,0.0,130.0,360.0,0.0,0,1,4.867534450455582,4917.0,0.026438885499288182,0.3611111111111111,0.07344134860913384
LP002082,1,1,0,0,1,5818,2160.0,184.0,360.0,1.0,1,1,5.214935757608986,7978.0,0.023063424417147156,0.5111111111111111,0.06406506782540876
LP002086,0,1,0,0,0,4333,2451.0,110.0,360.0,1.0,2,0,4.700480365792417,6784.0,0.016214622641509434,0.3055555555555556,0.045040618448637326
LP002087,0,0,0,0,0,2500,0.0,67.0,360.0,1.0,2,1,4.204692619390966,2500.0,0.0268,0.18611111111111112,0.07444444444444445
LP002097,1,0,1,0,0,4384,1793.0,117.0,360.0,1.0,2,1,4.762173934797756,6177.0,0.01894123360854784,0.325,0.052614537801521775
LP002098,1,0,0,0,0,2935,0.0,98.0,360.0,1.0,1,1,4.584967478670572,2935.0,0.03339011925042589,0.2722222222222222,0.09275033125118302
LP002100,1,0,0,0,0,2833,0.0,71.0,360.0,1.0,2,1,4.2626798770413155,2833.0,0.025061771973173313,0.19722222222222222,0.06961603325881477
LP002101,1,1,0,0,0,63337,0.0,490.0,180.0,1.0,2,1,6.194405391104672,63337.0,0.007736394208756335,2.7222222222222223,0.04297996782642408
LP002103,1,1,1,0,1,9833,1833.0,182.0,180.0,1.0,2,1,5.204006687076795,11666.0,0.015600891479513115,1.011111111111111,0.08667161933062842
LP002106,1,1,0,0,1,5503,4490.0,70.0,360.0,1.0,1,1,4.248495242049359,9993.0,0.007004903432402682,0.19444444444444445,0.01945806509000745
LP002110,1,1,1,0,0,5250,688.0,160.0,360.0,1.0,0,1,5.075173815233827,5938.0,0.02694509936005389,0.4444444444444444,0.07484749822237191
LP002112,1,1,2,0,1,2500,4600.0,176.0,360.0,1.0,0,1,5.170483995038151,7100.0,0.024788732394366197,0.4888888888888889,0.06885758998435054
LP002113,0,0,3,1,0,1830,0.0,128.0,360.0,0.0,2,0,4.852030263919617,1830.0,0.06994535519125683,0.35555555555555557,0.19429265330904674
LP002114,0,0,0,0,0,4160,0.0,71.0,360.0,1.0,1,1,4.2626798770413155,4160.0,0.01706730769230769,0.19722222222222222,0.04740918803418803
LP002115,1,1,3,1,0,2647,1587.0,173.0,360.0,1.0,0,0,5.153291594497779,4234.0,0.040859707132735006,0.48055555555555557,0.11349918647981945
LP002116,0,0,0,0,0,2378,0.0,46.0,360.0,1.0,0,0,3.828641396489095,2378.0,0.01934398654331371,0.12777777777777777,0.05373329595364919
LP002119,1,1,1,1,0,4554,1229.0,158.0,360.0,1.0,2,1,5.062595033026967,5783.0,0.027321459450112398,0.4388888888888889,0.07589294291697887
LP002126,1,1,3,1,0,3173,0.0,74.0,360.0,1.0,1,1,4.30406509320417,3173.0,0.023321777497636306,0.20555555555555555,0.06478271527121196
LP002128,1,1,2,0,0,2583,2330.0,125.0,360.0,1.0,0,1,4.8283137373023015,4913.0,0.0254427030327702,0.3472222222222222,0.07067417509102834
LP002129,1,1,0,0,0,2499,2458.0,160.0,360.0,1.0,1,1,5.075173815233827,4957.0,0.03227758725035303,0.4444444444444444,0.08965996458431398
LP002130,1,1,0,1,0,3523,3230.0,152.0,360.0,0.0,0,0,5.0238805208462765,6753.0,0.02250851473419221,0.4222222222222222,0.06252365203942281
LP002131,1,1,2,1,0,3083,2168.0,126.0,360.0,1.0,2,1,4.836281906951478,5251.0,0.023995429442011044,0.35,0.0666539706722529
LP002137,1,1,0,0,0,6333,4583.0,259.0,360.0,1.0,1,1,5.556828061699537,10916.0,0.02372663979479663,0.7194444444444444,0.06590733276332397
LP002138,1,1,0,0,0,2625,6250.0,187.0,360.0,1.0,0,1,5.231108616854587,8875.0,0.021070422535211266,0.5194444444444445,0.05852895148669797
LP002139,1,1,0,0,0,9083,0.0,228.0,360.0,1.0,1,1,5.429345628954441,9083.0,0.025101838599581636,0.6333333333333333,0.06972732944328232
LP002140,1,0,0,0,0,8750,4167.0,308.0,360.0,1.0,0,0,5.730099782973574,12917.0,0.023844545947201364,0.8555555555555555,0.06623484985333712
LP002141,1,1,3,0,0,2666,2083.0,95.0,360.0,1.0,0,1,4.553876891600541,4749.0,0.02000421141292904,0.2638888888888889,0.05556725392480289
LP002142,0,1,0,0,1,5500,0.0,105.0,360.0,0.0,0,0,4.653960350157523,5500.0,0.019090909090909092,0.2916666666666667,0.05303030303030303
LP002143,0,1,0,0,0,2423,505.0,130.0,360.0,1.0,1,1,4.867534450455582,2928.0,0.04439890710382514,0.3611111111111111,0.12333029751062537
LP002144,0,0,0,0,0,3813,0.0,116.0,180.0,1.0,2,1,4.7535901911063645,3813.0,0.03042223970626803,0.6444444444444445,0.16901244281260017
LP002149,1,1,2,0,0,8333,3167.0,165.0,360.0,1.0,0,1,5.10594547390058,11500.0,0.014347826086956521,0.4583333333333333,0.03985507246376811
LP002151,1,1,1,0,0,3875,0.0,67.0,360.0,1.0,2,0,4.204692619390966,3875.0,0.01729032258064516,0.18611111111111112,0.04802867383512545
LP002158,1,1,0,1,0,3000,1666.0,100.0,480.0,0.0,2,0,4.605170185988092,4666.0,0.021431633090441493,0.20833333333333334,0.04464923560508644
LP002160,1,1,3,0,0,5167,3167.0,200.0,360.0,1.0,1,1,5.298317366548036,8334.0,0.023998080153587713,0.5555555555555556,0.06666133375996587
LP002161,0,0,1,0,0,4723,0.0,81.0,360.0,1.0,1,0,4.394449154672439,4723.0,0.017150116451408005,0.225,0.047639212365022235
LP002170,1,1,2,0,0,5000,3667.0,236.0,360.0,1.0,1,1,5.4638318050256105,8667.0,0.027229721933771777,0.6555555555555556,0.07563811648269939
LP002175,1,1,0,0,0,4750,2333.0,130.0,360.0,1.0,2,1,4.867534450455582,7083.0,0.01835380488493576,0.3611111111111111,0.05098279134704378
LP002178,1,1,0,0,0,3013,3033.0,95.0,300.0,1.0,2,1,4.553876891600541,6046.0,0.0157128680119087,0.31666666666666665,0.05237622670636233
LP002180,1,0,0,0,1,6822,0.0,141.0,360.0,1.0,0,1,4.948759890378168,6822.0,0.020668425681618294,0.39166666666666666,0.05741229356005082
LP002181,1,0,0,1,0,6216,0.0,133.0,360.0,1.0,0,0,4.890349128221754,6216.0,0.021396396396396396,0.36944444444444446,0.059434434434434434
LP002187,1,0,0,0,0,2500,0.0,96.0,480.0,1.0,1,0,4.564348191467836,2500.0,0.0384,0.2,0.08
LP002188,1,0,0,0,0,5124,0.0,124.0,360.0,0.0,0,0,4.820281565605037,5124.0,0.02419984387197502,0.34444444444444444,0.06722178853326395
LP002190,1,1,1,0,0,6325,0.0,175.0,360.0,1.0,1,1,5.1647859739235145,6325.0,0.02766798418972332,0.4861111111111111,0.07685551163812034
LP002191,1,1,0,0,0,19730,5266.0,570.0,360.0,1.0,0,0,6.345636360828596,24996.0,0.022803648583773404,1.5833333333333333,0.06334346828825946
LP002194,0,0,0,0,1,15759,0.0,55.0,360.0,1.0,1,1,4.007333185232471,15759.0,0.0034900691668253063,0.1527777777777778,0.009694636574514741
LP002197,1,1,2,0,0,5185,0.0,155.0,360.0,1.0,1,1,5.043425116919247,5185.0,0.029893924783027964,0.4305555555555556,0.08303867995285547
LP002201,1,1,2,0,1,9323,7873.0,380.0,300.0,1.0,0,1,5.940171252720432,17196.0,0.02209816236334031,1.2666666666666666,0.07366054121113437
LP002205,1,0,1,0,0,3062,1987.0,111.0,180.0,0.0,2,0,4.709530201312334,5049.0,0.021984551396316103,0.6166666666666667,0.12213639664620059
LP002209,0,0,0,0,0,2764,1459.0,110.0,360.0,1.0,2,1,4.700480365792417,4223.0,0.02604783329386692,0.3055555555555556,0.07235509248296368
LP002211,1,1,0,0,0,4817,923.0,120.0,180.0,1.0,2,1,4.787491742782046,5740.0,0.020905923344947737,0.6666666666666666,0.11614401858304296
LP002219,1,1,3,0,0,8750,4996.0,130.0,360.0,1.0,0,1,4.867534450455582,13746.0,0.009457296668121635,0.3611111111111111,0.026270268522560095
LP002223,1,1,0,0,0,4310,0.0,130.0,360.0,1.0,1,1,4.867534450455582,4310.0,0.030162412993039442,0.3611111111111111,0.08378448053622067
LP002224,1,0,0,0,0,3069,0.0,71.0,480.0,1.0,2,0,4.2626798770413155,3069.0,0.023134571521668295,0.14791666666666667,0.048197024003475614
LP002225,1,1,2,0,0,5391,0.0,130.0,360.0,1.0,2,1,4.867534450455582,5391.0,0.024114264514932295,0.3611111111111111,0.06698406809703415
LP002226,1,1,0,0,0,3333,2500.0,128.0,360.0,1.0,1,1,4.852030263919617,5833.0,0.021944111092062405,0.35555555555555557,0.06095586414461779
LP002229,1,0,0,0,0,5941,4232.0,296.0,360.0,1.0,1,1,5.69035945432406,10173.0,0.029096628329892852,0.8222222222222222,0.0808239675830357
LP002231,0,0,0,0,0,6000,0.0,156.0,360.0,1.0,2,1,5.049856007249537,6000.0,0.026,0.43333333333333335,0.07222222222222223
LP002234,1,0,0,0,1,7167,0.0,128.0,360.0,1.0,2,1,4.852030263919617,7167.0,0.017859634435607646,0.35555555555555557,0.04961009565446568
LP002236,1,1,2,0,0,4566,0.0,100.0,360.0,1.0,2,0,4.605170185988092,4566.0,0.021901007446342532,0.2777777777777778,0.06083613179539592
LP002237,1,0,1,0,0,3667,0.0,113.0,180.0,1.0,2,1,4.727387818712341,3667.0,0.030815380419961822,0.6277777777777778,0.17119655788867677
LP002239,1,0,0,1,0,2346,1600.0,132.0,360.0,1.0,1,1,4.882801922586371,3946.0,0.03345159655347187,0.36666666666666664,0.09292110153742185
LP002243,1,1,0,1,0,3010,3136.0,128.0,360.0,0.0,2,0,4.852030263919617,6146.0,0.02082655385616661,0.35555555555555557,0.0578515384893517
LP002244,1,1,0,0,0,2333,2417.0,136.0,360.0,1.0,2,1,4.912654885736052,4750.0,0.02863157894736842,0.37777777777777777,0.07953216374269005
LP002250,1,1,0,0,0,5488,0.0,125.0,360.0,1.0,0,1,4.8283137373023015,5488.0,0.022776967930029153,0.3472222222222222,0.0632693553611921
LP002255,1,0,3,0,0,9167,0.0,185.0,360.0,1.0,0,1,5.220355825078324,9167.0,0.020181084324206393,0.5138888888888888,0.05605856756723997
LP002262,1,1,3,0,0,9504,0.0,275.0,360.0,1.0,0,1,5.616771097666572,9504.0,0.028935185185185185,0.7638888888888888,0.08037551440329217
LP002263,1,1,0,0,0,2583,2115.0,120.0,360.0,1.0,2,1,4.787491742782046,4698.0,0.02554278416347382,0.3333333333333333,0.07095217823187172
LP002265,1,1,2,1,0,1993,1625.0,113.0,180.0,1.0,1,1,4.727387818712341,3618.0,0.03123272526257601,0.6277777777777778,0.17351514034764448
LP002266,1,1,2,0,0,3100,1400.0,113.0,360.0,1.0,2,1,4.727387818712341,4500.0,0.025111111111111112,0.3138888888888889,0.06975308641975309
LP002272,1,1,2,0,0,3276,484.0,135.0,360.0,1.0,1,1,4.90527477843843,3760.0,0.03590425531914894,0.375,0.09973404255319149
LP002277,0,0,0,0,0,3180,0.0,71.0,360.0,0.0,2,0,4.2626798770413155,3180.0,0.02232704402515723,0.19722222222222222,0.06201956673654787
LP002281,1,1,0,0,0,3033,1459.0,95.0,360.0,1.0,2,1,4.553876891600541,4492.0,0.021148708815672306,0.2638888888888889,0.05874641337686752
LP002284,1,0,0,1,0,3902,1666.0,109.0,360.0,1.0,0,1,4.6913478822291435,5568.0,0.019576149425287355,0.30277777777777776,0.05437819284802043
LP002287,0,0,0,0,0,1500,1800.0,103.0,360.0,0.0,1,0,4.634728988229636,3300.0,0.031212121212121212,0.2861111111111111,0.0867003367003367
LP002288,1,1,2,1,0,2889,0.0,45.0,180.0,0.0,2,0,3.8066624897703196,2889.0,0.01557632398753894,0.25,0.08653513326410522
LP002296,1,0,0,1,0,2755,0.0,65.0,300.0,1.0,0,0,4.174387269895637,2755.0,0.023593466424682397,0.21666666666666667,0.07864488808227466
LP002297,1,0,0,0,0,2500,20000.0,103.0,360.0,1.0,1,1,4.634728988229636,22500.0,0.004577777777777778,0.2861111111111111,0.012716049382716048
LP002300,0,0,0,1,0,1963,0.0,53.0,360.0,1.0,1,1,3.970291913552122,1963.0,0.026999490575649515,0.14722222222222223,0.07499858493235977
LP002301,0,0,0,0,1,7441,0.0,194.0,360.0,1.0,0,0,5.267858159063328,7441.0,0.026071764547775836,0.5388888888888889,0.07242156818826621
LP002305,0,0,0,0,0,4547,0.0,115.0,360.0,1.0,1,1,4.74493212836325,4547.0,0.025291400923685946,0.3194444444444444,0.07025389145468318
LP002308,1,1,0,1,0,2167,2400.0,115.0,360.0,1.0,2,1,4.74493212836325,4567.0,0.025180643748631486,0.3194444444444444,0.06994623263508745
LP002314,0,0,0,1,0,2213,0.0,66.0,360.0,1.0,0,1,4.189654742026425,2213.0,0.0298237686398554,0.18333333333333332,0.0828438017773761
LP002315,1,1,1,0,0,8300,0.0,152.0,300.0,0.0,1,0,5.0238805208462765,8300.0,0.018313253012048194,0.5066666666666667,0.06104417670682731
LP002317,1,1,3,0,0,81000,0.0,360.0,360.0,0.0,0,0,5.886104031450156,81000.0,0.0044444444444444444,1.0,0.012345679012345678
LP002318,0,0,1,1,1,3867,0.0,62.0,360.0,1.0,1,0,4.127134385045092,3867.0,0.016033100594776313,0.17222222222222222,0.044536390541045315
LP002319,1,1,0,0,0,6256,0.0,160.0,360.0,1.0,2,1,5.075173815233827,6256.0,0.02557544757033248,0.4444444444444444,0.07104290991759021
LP002328,1,1,0,1,0,6096,0.0,218.0,360.0,0.0,0,0,5.384495062789089,6096.0,0.035761154855643046,0.6055555555555555,0.09933654126567512
LP002332,1,1,0,1,0,2253,2033.0,110.0,360.0,1.0,0,1,4.700480365792417,4286.0,0.025664955669622024,0.3055555555555556,0.07129154352672785
LP002335,0,1,0,1,0,2149,3237.0,178.0,360.0,0.0,1,0,5.181783550292085,5386.0,0.03304864463423691,0.49444444444444446,0.09180179065065809
LP002337,0,0,0,0,0,2995,0.0,60.0,360.0,1.0,2,1,4.0943445622221,2995.0,0.02003338898163606,0.16666666666666666,0.05564830272676683
LP002341,0,0,1,0,0,2600,0.0,160.0,360.0,1.0,2,0,5.075173815233827,2600.0,0.06153846153846154,0.4444444444444444,0.17094017094017092
LP002342,1,1,2,0,1,1600,20000.0,239.0,360.0,1.0,2,0,5.476463551931511,21600.0,0.011064814814814816,0.6638888888888889,0.030735596707818932
LP002345,1,1,0,0,0,1025,2773.0,112.0,360.0,1.0,0,1,4.718498871295094,3798.0,0.02948920484465508,0.3111111111111111,0.08191445790181968
LP002347,1,1,0,0,0,3246,1417.0,138.0,360.0,1.0,1,1,4.927253685157205,4663.0,0.029594681535492173,0.38333333333333336,0.08220744870970048
LP002348,1,1,0,0,0,5829,0.0,138.0,360.0,1.0,0,1,4.927253685157205,5829.0,0.023674729799279464,0.38333333333333336,0.06576313833133185
LP002357,0,0,0,1,0,2720,0.0,80.0,360.0,0.0,2,0,4.382026634673881,2720.0,0.029411764705882353,0.2222222222222222,0.08169934640522875
LP002361,1,1,0,0,0,1820,1719.0,100.0,360.0,1.0,2,1,4.605170185988092,3539.0,0.028256569652444195,0.2777777777777778,0.07849047125678943
LP002362,1,1,1,0,0,7250,1667.0,110.0,360.0,0.0,2,0,4.700480365792417,8917.0,0.01233598743972188,0.3055555555555556,0.03426663177700522
LP002364,1,1,0,0,0,14880,0.0,96.0,360.0,1.0,1,1,4.564348191467836,14880.0,0.0064516129032258064,0.26666666666666666,0.01792114695340502
LP002366,1,1,0,0,0,2666,4300.0,121.0,360.0,1.0,0,1,4.795790545596741,6966.0,0.01737008326155613,0.33611111111111114,0.04825023128210037
LP002367,0,0,1,1,0,4606,0.0,81.0,360.0,1.0,0,0,4.394449154672439,4606.0,0.017585757707338254,0.225,0.048849326964828486
LP002368,1,1,2,0,0,5935,0.0,133.0,360.0,1.0,1,1,4.890349128221754,5935.0,0.02240943555181129,0.36944444444444446,0.0622484320883647
LP002369,1,1,0,0,0,2920,16.12000084,87.0,360.0,1.0,0,1,4.465908118654584,2936.12000084,0.029630941506174818,0.24166666666666667,0.0823081708504856
LP002370,1,0,0,1,0,2717,0.0,60.0,180.0,1.0,2,1,4.0943445622221,2717.0,0.02208317997791682,0.3333333333333333,0.12268433321064899
LP002377,0,0,1,0,1,8624,0.0,150.0,360.0,1.0,1,1,5.0106352940962555,8624.0,0.017393320964749538,0.4166666666666667,0.0483147804576376
LP002379,1,0,0,0,0,6500,0.0,105.0,360.0,0.0,0,0,4.653960350157523,6500.0,0.016153846153846154,0.2916666666666667,0.04487179487179487
LP002386,1,0,0,0,0,12876,0.0,405.0,360.0,1.0,1,1,6.003887067106539,12876.0,0.03145386766076421,1.125,0.08737185461323392
LP002387,1,1,0,0,0,2425,2340.0,143.0,360.0,1.0,1,1,4.962844630259907,4765.0,0.030010493179433367,0.3972222222222222,0.08336248105398157
LP002390,1,0,0,0,0,3750,0.0,100.0,360.0,1.0,2,1,4.605170185988092,3750.0,0.02666666666666667,0.2777777777777778,0.07407407407407407
LP002393,0,0,0,0,0,10047,0.0,128.0,240.0,1.0,1,1,4.852030263919617,10047.0,0.012740121429282374,0.5333333333333333,0.053083839288676556
LP002398,1,0,0,0,0,1926,1851.0,50.0,360.0,1.0,1,1,3.912023005428146,3777.0,0.013238019592268996,0.1388888888888889,0.03677227664519166
LP002401,1,1,0,0,0,2213,1125.0,128.0,360.0,1.0,2,1,4.852030263919617,3338.0,0.03834631515877771,0.35555555555555557,0.10651754210771586
LP002403,1,0,0,0,1,10416,0.0,187.0,360.0,0.0,2,0,5.231108616854587,10416.0,0.0179531490015361,0.5194444444444445,0.04986985833760028
LP002407,0,1,0,1,1,7142,0.0,138.0,360.0,1.0,0,1,4.927253685157205,7142.0,0.019322318678241388,0.38333333333333336,0.05367310743955942
LP002408,1,0,0,0,0,3660,5064.0,187.0,360.0,1.0,1,1,5.231108616854587,8724.0,0.021435121503897293,0.5194444444444445,0.05954200417749249
LP002409,1,1,0,0,0,7901,1833.0,180.0,360.0,1.0,0,1,5.19295685089021,9734.0,0.018491884117526197,0.5,0.051366344770906104
LP002418,1,0,3,1,0,4707,1993.0,148.0,360.0,1.0,1,1,4.997212273764115,6700.0,0.02208955223880597,0.4111111111111111,0.06135986733001658
LP002422,1,0,1,0,0,37719,0.0,152.0,360.0,1.0,1,1,5.0238805208462765,37719.0,0.004029799305389856,0.4222222222222222,0.011193886959416269
LP002424,1,1,0,0,0,7333,8333.0,175.0,300.0,1.0,0,1,5.1647859739235145,15666.0,0.011170688114387846,0.5833333333333334,0.03723562704795949
LP002429,1,1,1,0,1,3466,1210.0,130.0,360.0,1.0,0,1,4.867534450455582,4676.0,0.027801539777587682,0.3611111111111111,0.077226499382188
LP002434,1,1,2,1,0,4652,0.0,110.0,360.0,1.0,0,1,4.700480365792417,4652.0,0.023645743766122097,0.3055555555555556,0.0656826215725614
LP002435,1,1,0,0,0,3539,1376.0,55.0,360.0,1.0,0,0,4.007333185232471,4915.0,0.011190233977619531,0.1527777777777778,0.03108398327116537
LP002443,1,1,2,0,0,3340,1710.0,150.0,360.0,0.0,0,0,5.0106352940962555,5050.0,0.0297029702970297,0.4166666666666667,0.08250825082508251
LP002444,1,0,1,1,1,2769,1542.0,190.0,360.0,0.0,1,0,5.247024072160486,4311.0,0.04407330085826954,0.5277777777777778,0.12242583571741542
LP002446,1,1,2,1,0,2309,1255.0,125.0,360.0,0.0,0,0,4.8283137373023015,3564.0,0.035072951739618406,0.3472222222222222,0.09742486594338447
LP002447,1,1,2,1,0,1958,1456.0,60.0,300.0,1.0,2,1,4.0943445622221,3414.0,0.01757469244288225,0.2,0.05858230814294083
LP002448,1,1,0,0,0,3948,1733.0,149.0,360.0,0.0,0,0,5.003946305945459,5681.0,0.02622777679985918,0.41388888888888886,0.07285493555516438
LP002449,1,1,0,0,0,2483,2466.0,90.0,180.0,0.0,0,1,4.499809670330265,4949.0,0.018185492018589614,0.5,0.10103051121438675
LP002453,1,0,0,0,1,7085,0.0,84.0,360.0,1.0,1,1,4.430816798843313,7085.0,0.011856033874382499,0.23333333333333334,0.03293342742884028
LP002455,1,1,2,0,0,3859,0.0,96.0,360.0,1.0,1,1,4.564348191467836,3859.0,0.024876911116869654,0.26666666666666666,0.0691025308801935
LP002459,1,1,0,0,0,4301,0.0,118.0,360.0,1.0,2,1,4.770684624465665,4301.0,0.027435480120902116,0.3277777777777778,0.07620966700250588
LP002467,1,1,0,0,0,3708,2569.0,173.0,360.0,1.0,2,0,5.153291594497779,6277.0,0.027560936753226063,0.48055555555555557,0.07655815764785018
LP002472,1,0,2,0,0,4354,0.0,136.0,360.0,1.0,0,1,4.912654885736052,4354.0,0.03123564538355535,0.37777777777777777,0.08676568162098709
LP002473,1,1,0,0,0,8334,0.0,160.0,360.0,1.0,1,0,5.075173815233827,8334.0,0.01919846412287017,0.4444444444444444,0.05332906700797269
LP002478,0,1,0,0,1,2083,4083.0,160.0,360.0,1.0,1,1,5.075173815233827,6166.0,0.025948751216347713,0.4444444444444444,0.07207986448985475
LP002484,1,1,3,0,0,7740,0.0,128.0,180.0,1.0,2,1,4.852030263919617,7740.0,0.016537467700258397,0.7111111111111111,0.0918748205569911
LP002487,1,1,0,0,0,3015,2188.0,153.0,360.0,1.0,0,1,5.030437921392435,5203.0,0.02940611185854315,0.425,0.08168364405150874
LP002489,0,0,1,1,0,5191,0.0,132.0,360.0,1.0,1,1,4.882801922586371,5191.0,0.025428626468888462,0.36666666666666664,0.07063507352469016
LP002493,1,0,0,0,0,4166,0.0,98.0,360.0,0.0,1,0,4.584967478670572,4166.0,0.023523763802208355,0.2722222222222222,0.06534378833946763
LP002494,1,0,0,0,0,6000,0.0,140.0,360.0,1.0,0,1,4.941642422609304,6000.0,0.023333333333333334,0.3888888888888889,0.06481481481481483
LP002500,1,1,3,1,0,2947,1664.0,70.0,180.0,0.0,2,0,4.248495242049359,4611.0,0.015181088700932552,0.3888888888888889,0.08433938167184751
LP002501,1,1,0,0,0,16692,0.0,110.0,360.0,1.0,1,1,4.700480365792417,16692.0,0.006589983225497244,0.3055555555555556,0.01830550895971457
LP002502,0,1,2,1,0,210,2917.0,98.0,360.0,1.0,1,1,4.584967478670572,3127.0,0.03133994243684042,0.2722222222222222,0.08705539565789004
LP002505,1,1,0,0,0,4333,2451.0,110.0,360.0,1.0,2,0,4.700480365792417,6784.0,0.016214622641509434,0.3055555555555556,0.045040618448637326
LP002515,1,1,1,0,1,3450,2079.0,162.0,360.0,1.0,1,1,5.087596335232384,5529.0,0.02930005425935974,0.45,0.08138903960933261
LP002517,1,1,1,1,0,2653,1500.0,113.0,180.0,0.0,0,0,4.727387818712341,4153.0,0.027209246327955693,0.6277777777777778,0.15116247959975385
LP002519,1,1,3,0,0,4691,0.0,100.0,360.0,1.0,1,1,4.605170185988092,4691.0,0.021317416329140908,0.2777777777777778,0.059215045358724745
LP002522,0,0,0,0,1,2500,0.0,93.0,360.0,1.0,2,1,4.532599493153256,2500.0,0.0372,0.25833333333333336,0.10333333333333335
LP002524,1,0,2,0,0,5532,4648.0,162.0,360.0,1.0,0,1,5.087596335232384,10180.0,0.015913555992141455,0.45,0.04420432220039293
LP002527,1,1,2,0,1,16525,1014.0,150.0,360.0,1.0,0,1,5.0106352940962555,17539.0,0.008552369006214722,0.4166666666666667,0.02375658057281867
LP002529,1,1,2,0,0,6700,1750.0,230.0,300.0,1.0,1,1,5.438079308923196,8450.0,0.027218934911242602,0.7666666666666667,0.09072978303747535
LP002530,1,1,2,0,0,2873,1872.0,132.0,360.0,0.0,1,0,4.882801922586371,4745.0,0.027818756585879872,0.36666666666666664,0.0772743238496663
LP002531,1,1,1,0,1,16667,2250.0,86.0,360.0,1.0,1,1,4.454347296253507,18917.0,0.004546175397790347,0.2388888888888889,0.012628264993862078
LP002533,1,1,2,0,0,2947,1603.0,128.0,360.0,1.0,2,0,4.852030263919617,4550.0,0.028131868131868132,0.35555555555555557,0.07814407814407814
LP002534,0,0,0,1,0,4350,0.0,154.0,360.0,1.0,0,1,5.0369526024136295,4350.0,0.035402298850574714,0.42777777777777776,0.0983397190293742
LP002536,1,1,3,1,0,3095,0.0,113.0,360.0,1.0,0,1,4.727387818712341,3095.0,0.03651050080775444,0.3138888888888889,0.10141805779931788
LP002537,1,1,0,0,0,2083,3150.0,128.0,360.0,1.0,1,1,4.852030263919617,5233.0,0.024460156697878845,0.35555555555555557,0.06794487971633012
LP002541,1,1,0,0,0,10833,0.0,234.0,360.0,1.0,1,1,5.455321115357702,10833.0,0.02160066463583495,0.65,0.06000184621065264
LP002543,1,1,2,0,0,8333,0.0,246.0,360.0,1.0,1,1,5.5053315359323625,8333.0,0.029521180847233888,0.6833333333333333,0.08200328013120525
LP002544,1,1,1,1,0,1958,2436.0,131.0,360.0,1.0,0,1,4.875197323201151,4394.0,0.029813381884387802,0.3638888888888889,0.082814949678855
LP002545,1,0,2,0,0,3547,0.0,80.0,360.0,0.0,0,0,4.382026634673881,3547.0,0.02255427121511136,0.2222222222222222,0.06265075337530933
LP002547,1,1,1,0,0,18333,0.0,500.0,360.0,1.0,2,0,6.214608098422191,18333.0,0.02727322314951181,1.3888888888888888,0.07575895319308835
LP002555,1,1,2,0,1,4583,2083.0,160.0,360.0,1.0,1,1,5.075173815233827,6666.0,0.024002400240024,0.4444444444444444,0.06667333400006667
LP002556,1,0,0,0,0,2435,0.0,75.0,360.0,1.0,2,0,4.31748811353631,2435.0,0.030800821355236138,0.20833333333333334,0.08555783709787818
LP002560,1,0,0,1,0,2699,2785.0,96.0,360.0,1.0,1,1,4.564348191467836,5484.0,0.0175054704595186,0.26666666666666666,0.04862630683199611
LP002562,1,1,1,1,0,5333,1131.0,186.0,360.0,1.0,2,1,5.225746673713202,6464.0,0.028774752475247526,0.5166666666666667,0.07992986798679869
LP002571,1,0,0,1,0,3691,0.0,110.0,360.0,1.0,0,1,4.700480365792417,3691.0,0.029802221620157138,0.3055555555555556,0.08278394894488095
LP002582,0,0,0,1,1,17263,0.0,225.0,360.0,1.0,1,1,5.41610040220442,17263.0,0.013033655795632277,0.625,0.03620459943231188
LP002585,1,1,0,0,0,3597,2157.0,119.0,360.0,0.0,0,0,4.77912349311153,5754.0,0.02068126520681265,0.33055555555555555,0.05744795890781292
LP002586,0,1,1,0,0,3326,913.0,105.0,84.0,1.0,1,1,4.653960350157523,4239.0,0.024769992922859165,1.25,0.2948808681292758
LP002587,1,1,0,1,0,2600,1700.0,107.0,360.0,1.0,0,1,4.672828834461906,4300.0,0.02488372093023256,0.2972222222222222,0.06912144702842378
LP002588,1,1,0,0,0,4625,2857.0,111.0,12.0,1.0,2,1,4.709530201312334,7482.0,0.01483560545308741,9.25,1.2363004544239509
LP002600,1,1,1,0,1,2895,0.0,95.0,360.0,1.0,1,1,4.553876891600541,2895.0,0.03281519861830743,0.2638888888888889,0.09115332949529842
LP002602,1,0,0,0,0,6283,4416.0,209.0,360.0,0.0,0,0,5.342334251964811,10699.0,0.019534535937938125,0.5805555555555556,0.05426259982760591
LP002603,0,0,0,0,0,645,3683.0,113.0,480.0,1.0,0,1,4.727387818712341,4328.0,0.0261090573012939,0.23541666666666666,0.05439386937769562
LP002606,0,0,0,0,0,3159,0.0,100.0,360.0,1.0,1,1,4.605170185988092,3159.0,0.03165558721114277,0.2777777777777778,0.08793218669761879
LP002615,1,1,2,0,0,4865,5624.0,208.0,360.0,1.0,1,1,5.337538079701318,10489.0,0.01983029840785585,0.5777777777777777,0.05508416224404402
LP002618,1,1,1,1,0,4050,5302.0,138.0,360.0,0.0,0,0,4.927253685157205,9352.0,0.014756201881950384,0.38333333333333336,0.040989449672084406
LP002619,1,1,0,1,0,3814,1483.0,124.0,300.0,1.0,1,1,4.820281565605037,5297.0,0.0234094770624882,0.41333333333333333,0.078031590208294
LP002622,1,1,2,0,0,3510,4416.0,243.0,360.0,1.0,0,1,5.493061443340548,7926.0,0.030658591975775928,0.675,0.08516275548826646
LP002624,1,1,0,0,0,20833,6667.0,480.0,360.0,1.0,2,1,6.173786103901937,27500.0,0.017454545454545455,1.3333333333333333,0.048484848484848485
LP002625,0,0,0,0,0,3583,0.0,96.0,360.0,1.0,2,0,4.564348191467836,3583.0,0.026793190064192018,0.26666666666666666,0.07442552795608895
LP002626,1,1,0,0,1,2479,3013.0,188.0,360.0,1.0,2,1,5.236441962829949,5492.0,0.03423160961398398,0.5222222222222223,0.09508780448328884
LP002634,0,0,1,0,0,13262,0.0,40.0,360.0,1.0,2,1,3.6888794541139363,13262.0,0.003016136329362087,0.1111111111111111,0.00837815647045024
LP002637,1,0,0,1,0,3598,1287.0,100.0,360.0,1.0,0,0,4.605170185988092,4885.0,0.02047082906857728,0.2777777777777778,0.05686341407938132
LP002640,1,1,1,0,0,6065,2004.0,250.0,360.0,1.0,1,1,5.521460917862246,8069.0,0.030982773577890692,0.6944444444444444,0.08606325993858525
LP002643,1,1,2,0,0,3283,2035.0,148.0,360.0,1.0,2,1,4.997212273764115,5318.0,0.027830011282437006,0.4111111111111111,0.07730558689565835
LP002648,1,1,0,0,0,2130,6666.0,70.0,180.0,1.0,1,0,4.248495242049359,8796.0,0.007958162801273306,0.3888888888888889,0.04421201556262948
LP002652,1,0,0,0,0,5815,3666.0,311.0,360.0,1.0,0,0,5.739792912179234,9481.0,0.03280244699926168,0.8638888888888889,0.09111790833128246
LP002659,1,1,3,0,0,3466,3428.0,150.0,360.0,1.0,0,1,5.0106352940962555,6894.0,0.02175805047867711,0.4166666666666667,0.06043902910743642
LP002670,0,1,2,0,0,2031,1632.0,113.0,480.0,1.0,1,1,4.727387818712341,3663.0,0.03084903084903085,0.23541666666666666,0.06426881426881427
LP002682,1,1,0,1,0,3074,1800.0,123.0,360.0,0.0,1,0,4.812184355372417,4874.0,0.025235945835043086,0.3416666666666667,0.07009984954178636
LP002683,1,0,0,0,0,4683,1915.0,185.0,360.0,1.0,1,0,5.220355825078324,6598.0,0.02803879963625341,0.5138888888888888,0.07788555454514835
LP002684,0,0,0,1,0,3400,0.0,95.0,360.0,1.0,0,0,4.553876891600541,3400.0,0.027941176470588237,0.2638888888888889,0.07761437908496732
LP002689,1,1,2,1,0,2192,1742.0,45.0,360.0,1.0,1,1,3.8066624897703196,3934.0,0.011438739196746314,0.125,0.03177427554651754
LP002690,1,0,0,0,0,2500,0.0,55.0,360.0,1.0,1,1,4.007333185232471,2500.0,0.022,0.1527777777777778,0.06111111111111112
LP002692,1,1,3,0,1,5677,1424.0,100.0,360.0,1.0,0,1,4.605170185988092,7101.0,0.01408252358822701,0.2777777777777778,0.03911812107840836
LP002693,1,1,2,0,1,7948,7166.0,480.0,360.0,1.0,0,1,6.173786103901937,15114.0,0.031758634378721715,1.3333333333333333,0.08821842882978254
LP002697,1,0,0,0,0,4680,2087.0,128.0,360.0,1.0,1,0,4.852030263919617,6767.0,0.01891532436825772,0.35555555555555557,0.05254256768960478
LP002699,1,1,2,0,1,17500,0.0,400.0,360.0,1.0,0,1,5.991464547107982,17500.0,0.022857142857142857,1.1111111111111112,0.06349206349206349
LP002705,1,1,0,0,0,3775,0.0,110.0,360.0,1.0,1,1,4.700480365792417,3775.0,0.02913907284768212,0.3055555555555556,0.08094186902133924
LP002706,1,1,1,1,0,5285,1430.0,161.0,360.0,0.0,1,1,5.081404364984463,6715.0,0.023976172747580043,0.44722222222222224,0.06660047985438901
LP002714,1,0,1,1,0,2679,1302.0,94.0,360.0,1.0,1,1,4.543294782270004,3981.0,0.02361215774930922,0.2611111111111111,0.0655893270814145
LP002716,1,0,0,1,0,6783,0.0,130.0,360.0,1.0,1,1,4.867534450455582,6783.0,0.019165560961226596,0.3611111111111111,0.05323766933674054
LP002717,1,1,0,0,0,1025,5500.0,216.0,360.0,1.0,0,1,5.375278407684165,6525.0,0.03310344827586207,0.6,0.09195402298850575
LP002720,1,1,3,0,0,4281,0.0,100.0,360.0,1.0,2,1,4.605170185988092,4281.0,0.023359028264424198,0.2777777777777778,0.06488618962340055
LP002723,1,0,2,0,0,3588,0.0,110.0,360.0,0.0,0,0,4.700480365792417,3588.0,0.030657748049052396,0.3055555555555556,0.08516041124736778
LP002729,1,0,1,0,0,11250,0.0,196.0,360.0,0.0,1,0,5.278114659230517,11250.0,0.01742222222222222,0.5444444444444444,0.048395061728395056
LP002731,0,0,0,1,1,18165,0.0,125.0,360.0,1.0,2,1,4.8283137373023015,18165.0,0.006881365262868153,0.3472222222222222,0.01911490350796709
LP002732,1,0,0,1,0,2550,2042.0,126.0,360.0,1.0,0,1,4.836281906951478,4592.0,0.027439024390243903,0.35,0.07621951219512195
LP002734,1,1,0,0,0,6133,3906.0,324.0,360.0,1.0,2,1,5.780743515792329,10039.0,0.03227413088953083,0.9,0.08965036358203009
LP002738,1,0,2,0,0,3617,0.0,107.0,360.0,1.0,1,1,4.672828834461906,3617.0,0.029582526956040918,0.2972222222222222,0.08217368598900256
LP002739,1,1,0,1,0,2917,536.0,66.0,360.0,1.0,0,0,4.189654742026425,3453.0,0.019113814074717638,0.18333333333333332,0.053093927985326764
LP002740,1,1,3,0,0,6417,0.0,157.0,180.0,1.0,0,1,5.056245805348308,6417.0,0.02446626149290946,0.8722222222222222,0.13592367496060812
LP002741,0,1,1,0,0,4608,2845.0,140.0,180.0,1.0,1,1,4.941642422609304,7453.0,0.018784382128002146,0.7777777777777778,0.10435767848890082
LP002743,0,0,0,0,0,2138,0.0,99.0,360.0,0.0,1,0,4.59511985013459,2138.0,0.04630495790458372,0.275,0.12862488306828812
LP002753,0,0,1,0,0,3652,0.0,95.0,360.0,1.0,1,1,4.553876891600541,3652.0,0.026013143483023003,0.2638888888888889,0.07225873189728613
LP002755,1,1,1,1,0,2239,2524.0,128.0,360.0,1.0,2,1,4.852030263919617,4763.0,0.026873819021625025,0.35555555555555557,0.07464949728229174
LP002757,0,1,0,1,0,3017,663.0,102.0,360.0,1.0,1,1,4.624972813284271,3680.0,0.027717391304347826,0.2833333333333333,0.0769927536231884
LP002767,1,1,0,0,0,2768,1950.0,155.0,360.0,1.0,0,1,5.043425116919247,4718.0,0.03285290377278508,0.4305555555555556,0.09125806603551412
LP002768,1,0,0,1,0,3358,0.0,80.0,36.0,1.0,1,0,4.382026634673881,3358.0,0.023823704586063133,2.2222222222222223,0.661769571835087
LP002772,1,0,0,0,0,2526,1783.0,145.0,360.0,1.0,0,1,4.976733742420574,4309.0,0.03365049895567417,0.4027777777777778,0.09347360821020603
LP002776,0,0,0,0,0,5000,0.0,103.0,360.0,0.0,1,0,4.634728988229636,5000.0,0.0206,0.2861111111111111,0.057222222222222216
LP002777,1,1,0,0,0,2785,2016.0,110.0,360.0,1.0,0,1,4.700480365792417,4801.0,0.022911893355550928,0.3055555555555556,0.0636441482098637
LP002778,1,1,2,0,1,6633,0.0,128.0,360.0,0.0,0,0,4.852030263919617,6633.0,0.019297452133273028,0.35555555555555557,0.05360403370353619
LP002784,1,1,1,1,0,2492,2375.0,128.0,360.0,1.0,0,1,4.852030263919617,4867.0,0.026299568522703924,0.35555555555555557,0.0730543570075109
LP002785,1,1,1,0,0,3333,3250.0,158.0,360.0,1.0,2,1,5.062595033026967,6583.0,0.024001215251405136,0.4388888888888889,0.06667004236501425
LP002788,1,1,0,1,0,2454,2333.0,181.0,360.0,0.0,2,0,5.198497031265826,4787.0,0.03781073741382912,0.5027777777777778,0.10502982614952533
LP002789,1,1,0,0,0,3593,4266.0,132.0,180.0,0.0,0,0,4.882801922586371,7859.0,0.01679603002926581,0.7333333333333333,0.0933112779403656
LP002792,1,1,1,0,0,5468,1032.0,26.0,360.0,1.0,1,1,3.258096538021482,6500.0,0.004,0.07222222222222222,0.01111111111111111
LP002794,0,0,0,0,0,2667,1625.0,84.0,360.0,1.0,2,1,4.430816798843313,4292.0,0.0195712954333644,0.23333333333333334,0.05436470953712333
LP002795,1,1,3,0,1,10139,0.0,260.0,360.0,1.0,1,1,5.560681631015528,10139.0,0.025643554591182564,0.7222222222222222,0.07123209608661822
LP002798,1,1,0,0,0,3887,2669.0,162.0,360.0,1.0,1,1,5.087596335232384,6556.0,0.02471018913971934,0.45,0.06863941427699817
LP002804,0,1,0,0,0,4180,2306.0,182.0,360.0,1.0,1,1,5.204006687076795,6486.0,0.028060437866173297,0.5055555555555555,0.07794566073937026
LP002807,1,1,2,1,0,3675,242.0,108.0,360.0,1.0,1,1,4.68213122712422,3917.0,0.027572121521572634,0.3,0.07658922644881287
LP002813,0,1,1,0,1,19484,0.0,600.0,360.0,1.0,1,1,6.396929655216146,19484.0,0.03079449804968179,1.6666666666666667,0.0855402723602272
LP002820,1,1,0,0,0,5923,2054.0,211.0,360.0,1.0,0,1,5.351858133476067,7977.0,0.02645104675943337,0.5861111111111111,0.07347512988731492
LP002821,1,0,0,1,1,5800,0.0,132.0,360.0,1.0,1,1,4.882801922586371,5800.0,0.022758620689655173,0.36666666666666664,0.0632183908045977
LP002832,1,1,2,0,0,8799,0.0,258.0,360.0,0.0,2,0,5.552959584921617,8799.0,0.029321513808387316,0.7166666666666667,0.08144864946774254
LP002833,1,1,0,1,0,4467,0.0,120.0,360.0,1.0,0,1,4.787491742782046,4467.0,0.026863666890530557,0.3333333333333333,0.07462129691814043
LP002836,1,0,0,0,0,3333,0.0,70.0,360.0,1.0,2,1,4.248495242049359,3333.0,0.021002100210021003,0.19444444444444445,0.058339167250058346
LP002837,1,1,3,0,0,3400,2500.0,123.0,360.0,0.0,0,0,4.812184355372417,5900.0,0.020847457627118645,0.3416666666666667,0.05790960451977401
LP002840,0,0,0,0,0,2378,0.0,9.0,360.0,1.0,2,0,2.1972245773362196,2378.0,0.0037846930193439865,0.025,0.010513036164844407
LP002841,1,1,0,0,0,3166,2064.0,104.0,360.0,0.0,2,0,4.6443908991413725,5230.0,0.01988527724665392,0.28888888888888886,0.055236881240705325
LP002842,1,1,1,0,0,3417,1750.0,186.0,360.0,1.0,2,1,5.225746673713202,5167.0,0.035997677569189084,0.5166666666666667,0.09999354880330302
LP002847,1,1,0,0,0,5116,1451.0,165.0,360.0,0.0,2,0,5.10594547390058,6567.0,0.02512562814070352,0.4583333333333333,0.06979341150195421
LP002855,1,1,2,0,0,16666,0.0,275.0,360.0,1.0,2,1,5.616771097666572,16666.0,0.016500660026401055,0.7638888888888888,0.04583516674000293
LP002862,1,1,2,1,0,6125,1625.0,187.0,480.0,1.0,1,0,5.231108616854587,7750.0,0.024129032258064516,0.38958333333333334,0.05026881720430107
LP002863,1,1,3,0,0,6406,0.0,150.0,360.0,1.0,1,0,5.0106352940962555,6406.0,0.023415547923821417,0.4166666666666667,0.06504318867728172
LP002868,1,1,2,0,0,3159,461.0,108.0,84.0,1.0,2,1,4.68213122712422,3620.0,0.02983425414364641,1.2857142857142858,0.3551696921862668
LP002872,1,1,0,0,0,3087,2210.0,136.0,360.0,0.0,1,0,4.912654885736052,5297.0,0.02567491032659996,0.37777777777777777,0.07131919535166656
LP002874,1,0,0,0,0,3229,2739.0,110.0,360.0,1.0,2,1,4.700480365792417,5968.0,0.018431635388739945,0.3055555555555556,0.0511989871909443
LP002877,1,1,1,0,0,1782,2232.0,107.0,360.0,1.0,0,1,4.672828834461906,4014.0,0.02665670154459392,0.2972222222222222,0.07404639317942756
LP002888,1,0,0,0,0,3182,2917.0,161.0,360.0,1.0,2,1,5.081404364984463,6099.0,0.026397770126250206,0.44722222222222224,0.07332713923958391
LP002892,1,1,2,0,0,6540,0.0,205.0,360.0,1.0,1,1,5.3230099791384085,6540.0,0.03134556574923547,0.5694444444444444,0.08707101597009854
LP002893,1,0,0,0,0,1836,33837.0,90.0,360.0,1.0,2,0,4.499809670330265,35673.0,0.0025229164914641325,0.25,0.007008101365178146
LP002894,0,1,0,0,0,3166,0.0,36.0,360.0,1.0,1,1,3.58351893845611,3166.0,0.011370814908401769,0.1,0.03158559696778269
LP002898,1,1,1,0,0,1880,0.0,61.0,360.0,0.0,0,0,4.110873864173311,1880.0,0.032446808510638296,0.16944444444444445,0.09013002364066194
LP002911,1,1,1,0,0,2787,1917.0,146.0,360.0,0.0,0,0,4.983606621708336,4704.0,0.031037414965986394,0.40555555555555556,0.08621504157218443
LP002912,1,1,1,0,0,4283,3000.0,172.0,84.0,1.0,0,0,5.147494476813453,7283.0,0.02361664149388988,2.0476190476190474,0.2811504939748795
LP002916,1,1,0,0,0,2297,1522.0,104.0,360.0,1.0,2,1,4.6443908991413725,3819.0,0.027232259753862266,0.28888888888888886,0.07564516598295074
LP002917,0,0,0,1,0,2165,0.0,70.0,360.0,1.0,1,1,4.248495242049359,2165.0,0.03233256351039261,0.19444444444444445,0.08981267641775725
LP002925,0,0,0,0,0,4750,0.0,94.0,360.0,1.0,1,1,4.543294782270004,4750.0,0.019789473684210527,0.2611111111111111,0.054970760233918135
LP002926,1,1,2,0,1,2726,0.0,106.0,360.0,0.0,1,0,4.663439094112067,2726.0,0.03888481291269259,0.29444444444444445,0.10801336920192386
LP002928,1,1,0,0,0,3000,3416.0,56.0,180.0,1.0,1,1,4.02535169073515,6416.0,0.008728179551122194,0.3111111111111111,0.048489886395123305
LP002931,1,1,2,0,1,6000,0.0,205.0,240.0,1.0,1,0,5.3230099791384085,6000.0,0.034166666666666665,0.8541666666666666,0.1423611111111111
LP002933,0,0,3,0,1,9357,0.0,292.0,360.0,1.0,1,1,5.676753802268282,9357.0,0.031206583306615368,0.8111111111111111,0.08668495362948712
LP002936,1,1,0,0,0,3859,3300.0,142.0,180.0,1.0,0,1,4.955827057601261,7159.0,0.019835172510127112,0.7888888888888889,0.11019540283403952
LP002938,1,1,0,0,1,16120,0.0,260.0,360.0,1.0,2,1,5.560681631015528,16120.0,0.016129032258064516,0.7222222222222222,0.044802867383512544
LP002940,1,0,0,1,0,3833,0.0,110.0,360.0,1.0,0,1,4.700480365792417,3833.0,0.02869814766501435,0.3055555555555556,0.07971707684726209
LP002941,1,1,2,1,1,6383,1000.0,187.0,360.0,1.0,0,0,5.231108616854587,7383.0,0.025328457266693756,0.5194444444444445,0.07035682574081599
LP002943,1,0,0,0,0,2987,0.0,88.0,360.0,0.0,1,0,4.477336814478207,2987.0,0.02946099765651155,0.24444444444444444,0.08183610460142096
LP002945,1,1,0,0,1,9963,0.0,180.0,360.0,1.0,0,1,5.19295685089021,9963.0,0.018066847335140017,0.5,0.05018568704205561
LP002948,1,1,2,0,0,5780,0.0,192.0,360.0,1.0,2,1,5.2574953720277815,5780.0,0.03321799307958478,0.5333333333333333,0.0922722029988466
LP002949,0,0,3,0,0,416,41667.0,350.0,180.0,0.0,2,0,5.857933154483459,42083.0,0.00831689755958463,1.9444444444444444,0.04620498644213683
LP002950,1,1,0,1,0,2894,2792.0,155.0,360.0,1.0,0,1,5.043425116919247,5686.0,0.027259936686598662,0.4305555555555556,0.07572204635166296
LP002953,1,1,3,0,0,5703,0.0,128.0,360.0,1.0,2,1,4.852030263919617,5703.0,0.02244432754690514,0.35555555555555557,0.06234535429695871
LP002958,1,0,0,0,0,3676,4301.0,172.0,360.0,1.0,0,1,5.147494476813453,7977.0,0.021561990723329573,0.4777777777777778,0.05989441867591549
LP002959,0,1,1,0,0,12000,0.0,496.0,360.0,1.0,1,1,6.206575926724928,12000.0,0.04133333333333333,1.3777777777777778,0.11481481481481481
LP002960,1,1,0,1,0,2400,3800.0,128.0,180.0,1.0,2,0,4.852030263919617,6200.0,0.02064516129032258,0.7111111111111111,0.11469534050179211
LP002961,1,1,1,0,0,3400,2500.0,173.0,360.0,1.0,1,1,5.153291594497779,5900.0,0.029322033898305084,0.48055555555555557,0.08145009416195857
LP002964,1,1,2,1,0,3987,1411.0,157.0,360.0,1.0,0,1,5.056245805348308,5398.0,0.029084846239347907,0.4361111111111111,0.08079123955374419
LP002974,1,1,0,0,0,3232,1950.0,108.0,360.0,1.0,0,1,4.68213122712422,5182.0,0.020841373986877652,0.3,0.057892705519104595
LP002978,0,0,0,0,0,2900,0.0,71.0,360.0,1.0,0,1,4.2626798770413155,2900.0,0.024482758620689656,0.19722222222222222,0.06800766283524905
LP002979,1,1,3,0,0,4106,0.0,40.0,180.0,1.0,0,1,3.6888794541139363,4106.0,0.00974184120798831,0.2222222222222222,0.05412134004437949
LP002983,1,1,1,0,0,8072,240.0,253.0,360.0,1.0,2,1,5.53338948872752,8312.0,0.030437921077959576,0.7027777777777777,0.08454978077210992
LP002984,1,1,2,0,0,7583,0.0,187.0,360.0,1.0,2,1,5.231108616854587,7583.0,0.024660424634049848,0.5194444444444445,0.06850117953902736
LP002990,0,0,0,0,1,4583,0.0,133.0,360.0,0.0,1,0,4.890349128221754,4583.0,0.02902029238490072,0.36944444444444446,0.08061192329139089
